-- MariaDB dump 10.19  Distrib 10.5.23-MariaDB, for debian-linux-gnu (x86_64)
--
-- Host: localhost    Database: db
-- ------------------------------------------------------
-- Server version	10.5.23-MariaDB-1:10.5.23+maria~ubu2004-log

/*!40101 SET @OLD_CHARACTER_SET_CLIENT=@@CHARACTER_SET_CLIENT */;
/*!40101 SET @OLD_CHARACTER_SET_RESULTS=@@CHARACTER_SET_RESULTS */;
/*!40101 SET @OLD_COLLATION_CONNECTION=@@COLLATION_CONNECTION */;
/*!40101 SET NAMES utf8mb4 */;
/*!40103 SET @OLD_TIME_ZONE=@@TIME_ZONE */;
/*!40103 SET TIME_ZONE='+00:00' */;
/*!40014 SET @OLD_UNIQUE_CHECKS=@@UNIQUE_CHECKS, UNIQUE_CHECKS=0 */;
/*!40014 SET @OLD_FOREIGN_KEY_CHECKS=@@FOREIGN_KEY_CHECKS, FOREIGN_KEY_CHECKS=0 */;
/*!40101 SET @OLD_SQL_MODE=@@SQL_MODE, SQL_MODE='NO_AUTO_VALUE_ON_ZERO' */;
/*!40111 SET @OLD_SQL_NOTES=@@SQL_NOTES, SQL_NOTES=0 */;

--
-- Table structure for table `categories`
--

DROP TABLE IF EXISTS `categories`;
/*!40101 SET @saved_cs_client     = @@character_set_client */;
/*!40101 SET character_set_client = utf8 */;
CREATE TABLE `categories` (
  `id` bigint(20) unsigned NOT NULL AUTO_INCREMENT,
  `title` varchar(255) NOT NULL,
  `slug` varchar(255) NOT NULL,
  `text_color` varchar(255) DEFAULT NULL,
  `bg_color` varchar(255) DEFAULT NULL,
  `created_at` timestamp NULL DEFAULT NULL,
  `updated_at` timestamp NULL DEFAULT NULL,
  PRIMARY KEY (`id`),
  UNIQUE KEY `categories_slug_unique` (`slug`)
) ENGINE=InnoDB AUTO_INCREMENT=11 DEFAULT CHARSET=utf8mb4 COLLATE=utf8mb4_unicode_ci;
/*!40101 SET character_set_client = @saved_cs_client */;

--
-- Dumping data for table `categories`
--

LOCK TABLES `categories` WRITE;
/*!40000 ALTER TABLE `categories` DISABLE KEYS */;
INSERT INTO `categories` VALUES (1,'Javascript','javascript','black','yellow',NULL,NULL),(2,'Node.js','node-js','white','#026e00',NULL,NULL),(3,'React','react','white','#0074a6',NULL,NULL),(4,'GraphQL','graphql','white','#f6009b',NULL,NULL),(5,'NextJS','next-js','white','black',NULL,NULL),(6,'Laravel','laravel','white','red',NULL,NULL),(7,'PHP','php','white','dodgerblue',NULL,NULL),(8,'Livewire','livewire','white','#EE5D99',NULL,NULL),(9,'Filament','filament','black','#fdae4b',NULL,NULL),(10,'EJS','ejs','white','#b4ca65',NULL,NULL);
/*!40000 ALTER TABLE `categories` ENABLE KEYS */;
UNLOCK TABLES;

--
-- Table structure for table `category_post`
--

DROP TABLE IF EXISTS `category_post`;
/*!40101 SET @saved_cs_client     = @@character_set_client */;
/*!40101 SET character_set_client = utf8 */;
CREATE TABLE `category_post` (
  `id` bigint(20) unsigned NOT NULL AUTO_INCREMENT,
  `category_id` bigint(20) unsigned NOT NULL,
  `post_id` bigint(20) unsigned NOT NULL,
  `created_at` timestamp NULL DEFAULT NULL,
  `updated_at` timestamp NULL DEFAULT NULL,
  PRIMARY KEY (`id`),
  KEY `category_post_category_id_foreign` (`category_id`),
  KEY `category_post_post_id_foreign` (`post_id`),
  CONSTRAINT `category_post_category_id_foreign` FOREIGN KEY (`category_id`) REFERENCES `categories` (`id`) ON DELETE CASCADE,
  CONSTRAINT `category_post_post_id_foreign` FOREIGN KEY (`post_id`) REFERENCES `posts` (`id`) ON DELETE CASCADE
) ENGINE=InnoDB AUTO_INCREMENT=194 DEFAULT CHARSET=utf8mb4 COLLATE=utf8mb4_unicode_ci;
/*!40101 SET character_set_client = @saved_cs_client */;

--
-- Dumping data for table `category_post`
--

LOCK TABLES `category_post` WRITE;
/*!40000 ALTER TABLE `category_post` DISABLE KEYS */;
INSERT INTO `category_post` VALUES (1,8,1,'2024-01-08 16:19:21','2024-01-08 16:19:21'),(2,10,1,'2024-01-12 15:07:23','2024-01-12 15:07:23'),(3,6,2,'2023-12-16 09:23:00','2023-12-16 09:23:00'),(4,7,2,'2024-01-14 22:55:47','2024-01-14 22:55:47'),(5,10,3,'2024-01-13 13:27:29','2024-01-13 13:27:29'),(6,4,3,'2024-02-15 00:59:20','2024-02-15 00:59:20'),(7,7,4,'2024-01-30 21:38:56','2024-01-30 21:38:56'),(8,10,4,'2024-02-19 06:40:42','2024-02-19 06:40:42'),(9,8,5,'2024-02-14 00:58:09','2024-02-14 00:58:09'),(10,3,5,'2024-01-06 04:18:18','2024-01-06 04:18:18'),(11,3,6,'2024-01-21 05:13:46','2024-01-21 05:13:46'),(12,10,6,'2024-01-10 15:06:17','2024-01-10 15:06:17'),(13,7,7,'2024-02-11 03:03:43','2024-02-11 03:03:43'),(14,6,7,'2024-02-09 19:38:26','2024-02-09 19:38:26'),(15,5,8,'2024-02-12 22:39:02','2024-02-12 22:39:02'),(16,1,8,'2023-12-20 16:25:02','2023-12-20 16:25:02'),(17,3,9,'2023-12-15 18:13:33','2023-12-15 18:13:33'),(18,8,9,'2024-02-16 19:23:10','2024-02-16 19:23:10'),(19,2,10,'2023-12-15 06:16:57','2023-12-15 06:16:57'),(20,1,10,'2023-12-25 22:32:57','2023-12-25 22:32:57'),(21,6,11,'2024-01-12 03:56:11','2024-01-12 03:56:11'),(22,8,11,'2024-02-05 22:41:40','2024-02-05 22:41:40'),(23,2,12,'2023-12-08 19:58:16','2023-12-08 19:58:16'),(24,5,13,'2023-12-21 07:54:31','2023-12-21 07:54:31'),(25,8,13,'2024-02-01 08:47:59','2024-02-01 08:47:59'),(26,4,14,'2024-01-07 16:33:26','2024-01-07 16:33:26'),(27,5,14,'2024-01-26 03:41:56','2024-01-26 03:41:56'),(28,5,15,'2024-02-13 05:27:49','2024-02-13 05:27:49'),(29,1,15,'2024-01-26 14:33:28','2024-01-26 14:33:28'),(30,8,16,'2024-01-19 20:55:11','2024-01-19 20:55:11'),(31,5,16,'2024-01-10 13:09:45','2024-01-10 13:09:45'),(32,9,17,'2023-12-31 04:18:51','2023-12-31 04:18:51'),(33,5,17,'2023-12-07 23:51:09','2023-12-07 23:51:09'),(34,4,18,'2023-12-14 17:53:27','2023-12-14 17:53:27'),(35,10,19,'2024-01-31 09:01:05','2024-01-31 09:01:05'),(36,6,19,'2024-02-15 06:32:51','2024-02-15 06:32:51'),(37,8,20,'2024-01-31 17:09:21','2024-01-31 17:09:21'),(38,9,20,'2023-12-13 15:06:02','2023-12-13 15:06:02'),(39,2,21,'2023-12-29 19:16:06','2023-12-29 19:16:06'),(40,4,21,'2024-01-17 20:55:17','2024-01-17 20:55:17'),(41,7,22,'2024-01-24 07:56:33','2024-01-24 07:56:33'),(42,10,22,'2023-12-30 09:29:10','2023-12-30 09:29:10'),(43,5,23,'2024-01-08 02:32:18','2024-01-08 02:32:18'),(44,10,23,'2023-12-30 11:33:57','2023-12-30 11:33:57'),(45,9,24,'2024-01-04 19:23:33','2024-01-04 19:23:33'),(46,8,24,'2024-02-05 20:58:16','2024-02-05 20:58:16'),(47,6,25,'2023-12-23 01:31:23','2023-12-23 01:31:23'),(48,5,25,'2023-12-25 07:06:15','2023-12-25 07:06:15'),(49,5,26,'2024-02-14 20:06:27','2024-02-14 20:06:27'),(50,7,26,'2023-12-20 21:50:32','2023-12-20 21:50:32'),(51,8,27,'2024-02-06 23:13:14','2024-02-06 23:13:14'),(52,5,27,'2024-01-01 00:10:20','2024-01-01 00:10:20'),(53,7,28,'2024-01-10 03:35:18','2024-01-10 03:35:18'),(54,2,29,'2023-12-10 23:09:45','2023-12-10 23:09:45'),(55,9,29,'2024-01-06 04:29:57','2024-01-06 04:29:57'),(56,10,30,'2024-01-07 08:28:25','2024-01-07 08:28:25'),(57,1,30,'2023-12-30 14:57:39','2023-12-30 14:57:39'),(58,3,31,'2024-02-12 09:24:17','2024-02-12 09:24:17'),(59,8,31,'2024-02-17 04:12:29','2024-02-17 04:12:29'),(60,9,32,'2024-01-15 12:31:03','2024-01-15 12:31:03'),(61,4,32,'2024-02-17 00:52:15','2024-02-17 00:52:15'),(62,6,33,'2024-02-01 17:11:51','2024-02-01 17:11:51'),(63,1,33,'2024-02-14 12:27:21','2024-02-14 12:27:21'),(64,5,34,'2023-12-18 03:49:52','2023-12-18 03:49:52'),(65,3,34,'2024-02-02 01:27:48','2024-02-02 01:27:48'),(66,5,35,'2024-01-21 07:04:23','2024-01-21 07:04:23'),(67,4,35,'2023-12-17 20:04:09','2023-12-17 20:04:09'),(68,3,36,'2024-02-09 13:09:02','2024-02-09 13:09:02'),(69,6,36,'2024-01-23 23:54:33','2024-01-23 23:54:33'),(70,9,37,'2024-01-01 06:09:23','2024-01-01 06:09:23'),(71,7,37,'2023-12-16 15:31:05','2023-12-16 15:31:05'),(72,5,38,'2023-12-31 18:26:15','2023-12-31 18:26:15'),(73,9,38,'2023-12-22 06:11:33','2023-12-22 06:11:33'),(74,5,39,'2024-01-05 18:42:33','2024-01-05 18:42:33'),(75,9,39,'2024-01-20 04:56:41','2024-01-20 04:56:41'),(76,5,40,'2024-01-15 02:00:41','2024-01-15 02:00:41'),(77,4,40,'2024-01-06 10:21:04','2024-01-06 10:21:04'),(78,7,41,'2023-12-07 07:47:41','2023-12-07 07:47:41'),(79,1,41,'2024-02-16 16:53:30','2024-02-16 16:53:30'),(80,8,42,'2024-01-01 13:52:48','2024-01-01 13:52:48'),(81,7,42,'2023-12-22 23:59:06','2023-12-22 23:59:06'),(82,9,43,'2023-12-20 20:37:00','2023-12-20 20:37:00'),(83,6,43,'2023-12-20 06:09:35','2023-12-20 06:09:35'),(84,7,44,'2023-12-16 13:36:39','2023-12-16 13:36:39'),(85,2,44,'2024-01-13 02:30:07','2024-01-13 02:30:07'),(86,8,45,'2023-12-06 15:05:51','2023-12-06 15:05:51'),(87,10,46,'2023-12-20 06:07:52','2023-12-20 06:07:52'),(88,2,46,'2024-02-11 20:14:09','2024-02-11 20:14:09'),(89,2,47,'2024-01-28 09:45:15','2024-01-28 09:45:15'),(90,3,47,'2023-12-28 09:58:14','2023-12-28 09:58:14'),(91,2,48,'2023-12-11 09:40:36','2023-12-11 09:40:36'),(92,3,48,'2024-01-19 17:16:35','2024-01-19 17:16:35'),(93,8,49,'2023-12-09 15:00:30','2023-12-09 15:00:30'),(94,3,49,'2024-01-30 08:12:12','2024-01-30 08:12:12'),(95,8,50,'2024-01-04 07:27:05','2024-01-04 07:27:05'),(96,10,50,'2024-02-08 18:24:03','2024-02-08 18:24:03'),(97,8,51,'2024-01-27 04:12:12','2024-01-27 04:12:12'),(98,9,51,'2024-01-09 23:23:21','2024-01-09 23:23:21'),(99,9,52,'2024-01-31 11:10:09','2024-01-31 11:10:09'),(100,2,53,'2023-12-31 21:24:37','2023-12-31 21:24:37'),(101,5,53,'2024-01-05 05:44:11','2024-01-05 05:44:11'),(102,1,54,'2023-12-11 11:13:59','2023-12-11 11:13:59'),(103,9,54,'2024-02-09 13:58:13','2024-02-09 13:58:13'),(104,1,55,'2024-01-21 11:45:37','2024-01-21 11:45:37'),(105,4,55,'2024-02-07 15:02:37','2024-02-07 15:02:37'),(106,6,56,'2023-12-23 15:29:49','2023-12-23 15:29:49'),(107,3,56,'2023-12-17 17:34:19','2023-12-17 17:34:19'),(108,9,57,'2023-12-27 22:43:48','2023-12-27 22:43:48'),(109,7,57,'2024-01-04 08:14:38','2024-01-04 08:14:38'),(110,1,58,'2023-12-24 08:07:26','2023-12-24 08:07:26'),(111,7,58,'2024-01-13 06:23:10','2024-01-13 06:23:10'),(112,7,59,'2024-02-09 04:47:51','2024-02-09 04:47:51'),(113,6,59,'2024-01-16 14:48:53','2024-01-16 14:48:53'),(114,4,60,'2023-12-25 22:46:58','2023-12-25 22:46:58'),(115,10,60,'2024-02-19 17:46:05','2024-02-19 17:46:05'),(116,1,61,'2024-02-10 00:19:18','2024-02-10 00:19:18'),(117,5,61,'2024-01-29 13:00:51','2024-01-29 13:00:51'),(118,7,62,'2024-01-02 05:38:30','2024-01-02 05:38:30'),(119,1,62,'2024-02-15 13:20:30','2024-02-15 13:20:30'),(120,4,63,'2024-01-23 08:41:49','2024-01-23 08:41:49'),(121,10,64,'2024-02-15 10:08:44','2024-02-15 10:08:44'),(122,2,64,'2024-01-28 14:50:26','2024-01-28 14:50:26'),(123,10,65,'2023-12-15 03:02:02','2023-12-15 03:02:02'),(124,5,65,'2023-12-08 04:47:46','2023-12-08 04:47:46'),(125,6,66,'2023-12-24 04:26:23','2023-12-24 04:26:23'),(126,4,66,'2024-02-05 07:53:22','2024-02-05 07:53:22'),(127,5,67,'2024-02-10 20:32:26','2024-02-10 20:32:26'),(128,7,67,'2024-01-14 00:36:58','2024-01-14 00:36:58'),(129,3,68,'2023-12-21 00:57:58','2023-12-21 00:57:58'),(130,4,68,'2024-02-15 23:47:14','2024-02-15 23:47:14'),(131,10,69,'2024-01-09 04:42:56','2024-01-09 04:42:56'),(132,3,69,'2024-01-31 17:29:41','2024-01-31 17:29:41'),(133,8,70,'2024-01-07 01:10:49','2024-01-07 01:10:49'),(134,10,70,'2024-01-23 08:22:58','2024-01-23 08:22:58'),(135,6,71,'2024-02-03 00:51:30','2024-02-03 00:51:30'),(136,7,71,'2023-12-10 23:44:31','2023-12-10 23:44:31'),(137,4,72,'2023-12-30 12:00:00','2023-12-30 12:00:00'),(138,9,72,'2023-12-22 01:12:53','2023-12-22 01:12:53'),(139,10,73,'2024-01-15 09:58:01','2024-01-15 09:58:01'),(140,6,73,'2024-01-06 21:06:40','2024-01-06 21:06:40'),(141,9,74,'2023-12-14 02:36:56','2023-12-14 02:36:56'),(142,1,74,'2023-12-30 12:29:10','2023-12-30 12:29:10'),(143,7,75,'2024-02-07 13:10:10','2024-02-07 13:10:10'),(144,8,75,'2024-02-08 12:20:27','2024-02-08 12:20:27'),(145,2,76,'2023-12-25 09:04:47','2023-12-25 09:04:47'),(146,3,76,'2023-12-12 02:11:25','2023-12-12 02:11:25'),(147,2,77,'2024-01-10 21:19:57','2024-01-10 21:19:57'),(148,5,77,'2023-12-25 07:37:07','2023-12-25 07:37:07'),(149,10,78,'2023-12-09 15:05:17','2023-12-09 15:05:17'),(150,4,78,'2024-02-10 13:42:35','2024-02-10 13:42:35'),(151,10,79,'2024-02-06 23:30:01','2024-02-06 23:30:01'),(152,6,79,'2024-02-19 00:04:27','2024-02-19 00:04:27'),(153,4,80,'2024-02-14 19:01:09','2024-02-14 19:01:09'),(154,8,80,'2024-02-07 21:06:26','2024-02-07 21:06:26'),(155,10,81,'2024-02-10 17:08:49','2024-02-10 17:08:49'),(156,6,81,'2024-02-01 14:47:12','2024-02-01 14:47:12'),(157,7,82,'2023-12-13 20:55:32','2023-12-13 20:55:32'),(158,5,82,'2024-01-19 05:46:10','2024-01-19 05:46:10'),(159,3,83,'2024-01-18 14:48:56','2024-01-18 14:48:56'),(160,6,83,'2024-02-11 23:28:45','2024-02-11 23:28:45'),(161,3,84,'2024-01-01 12:36:16','2024-01-01 12:36:16'),(162,4,84,'2023-12-25 21:40:03','2023-12-25 21:40:03'),(163,5,85,'2024-01-28 03:18:40','2024-01-28 03:18:40'),(164,10,85,'2023-12-12 08:07:52','2023-12-12 08:07:52'),(165,2,86,'2023-12-16 19:19:04','2023-12-16 19:19:04'),(166,9,86,'2024-01-30 13:18:47','2024-01-30 13:18:47'),(167,4,87,'2024-02-04 03:27:57','2024-02-04 03:27:57'),(168,3,87,'2024-01-13 06:47:03','2024-01-13 06:47:03'),(169,4,88,'2024-01-04 14:39:03','2024-01-04 14:39:03'),(170,7,88,'2024-01-16 07:19:38','2024-01-16 07:19:38'),(171,10,89,'2024-01-08 15:37:47','2024-01-08 15:37:47'),(172,9,89,'2023-12-31 15:15:13','2023-12-31 15:15:13'),(173,1,90,'2024-01-22 20:15:06','2024-01-22 20:15:06'),(174,9,90,'2023-12-13 22:06:56','2023-12-13 22:06:56'),(175,3,91,'2024-02-18 02:25:26','2024-02-18 02:25:26'),(176,7,91,'2024-01-18 14:46:17','2024-01-18 14:46:17'),(177,6,92,'2024-01-04 09:20:38','2024-01-04 09:20:38'),(178,5,92,'2023-12-19 07:31:07','2023-12-19 07:31:07'),(179,6,93,'2024-02-09 03:38:44','2024-02-09 03:38:44'),(180,3,93,'2024-01-29 16:53:02','2024-01-29 16:53:02'),(181,3,94,'2024-02-03 00:40:22','2024-02-03 00:40:22'),(182,10,94,'2023-12-13 06:05:28','2023-12-13 06:05:28'),(183,6,95,'2023-12-31 02:09:30','2023-12-31 02:09:30'),(184,9,95,'2023-12-05 20:07:43','2023-12-05 20:07:43'),(185,2,96,'2024-02-19 00:14:29','2024-02-19 00:14:29'),(186,6,96,'2023-12-20 09:15:49','2023-12-20 09:15:49'),(187,10,97,'2024-02-16 11:23:27','2024-02-16 11:23:27'),(188,6,97,'2024-01-31 16:24:31','2024-01-31 16:24:31'),(189,5,98,'2024-02-11 19:47:44','2024-02-11 19:47:44'),(190,10,98,'2023-12-13 09:21:20','2023-12-13 09:21:20'),(191,6,99,'2023-12-12 10:09:20','2023-12-12 10:09:20'),(192,5,99,'2023-12-10 09:17:58','2023-12-10 09:17:58'),(193,4,100,'2023-12-20 16:57:21','2023-12-20 16:57:21');
/*!40000 ALTER TABLE `category_post` ENABLE KEYS */;
UNLOCK TABLES;

--
-- Table structure for table `comments`
--

DROP TABLE IF EXISTS `comments`;
/*!40101 SET @saved_cs_client     = @@character_set_client */;
/*!40101 SET character_set_client = utf8 */;
CREATE TABLE `comments` (
  `id` bigint(20) unsigned NOT NULL AUTO_INCREMENT,
  `user_id` bigint(20) unsigned NOT NULL,
  `post_id` bigint(20) unsigned NOT NULL,
  `text` varchar(255) NOT NULL,
  `created_at` timestamp NULL DEFAULT NULL,
  `updated_at` timestamp NULL DEFAULT NULL,
  PRIMARY KEY (`id`),
  KEY `comments_user_id_foreign` (`user_id`),
  KEY `comments_post_id_foreign` (`post_id`),
  CONSTRAINT `comments_post_id_foreign` FOREIGN KEY (`post_id`) REFERENCES `posts` (`id`) ON DELETE CASCADE,
  CONSTRAINT `comments_user_id_foreign` FOREIGN KEY (`user_id`) REFERENCES `users` (`id`) ON DELETE CASCADE
) ENGINE=InnoDB AUTO_INCREMENT=301 DEFAULT CHARSET=utf8mb4 COLLATE=utf8mb4_unicode_ci;
/*!40101 SET character_set_client = @saved_cs_client */;

--
-- Dumping data for table `comments`
--

LOCK TABLES `comments` WRITE;
/*!40000 ALTER TABLE `comments` DISABLE KEYS */;
INSERT INTO `comments` VALUES (1,8,30,'Sequi quia vel qui et earum quasi amet aperiam.','2023-12-21 11:58:48','2023-12-21 11:58:48'),(2,17,26,'Eos eligendi occaecati odio optio.','2024-01-30 22:03:55','2024-01-30 22:03:55'),(3,14,20,'Est incidunt impedit omnis est quo dolorem sed ut.','2024-01-02 13:10:19','2024-01-02 13:10:19'),(4,15,75,'Optio officiis dicta est.','2023-12-30 04:30:22','2023-12-30 04:30:22'),(5,4,79,'Quia est vero dolores sint.','2023-12-29 21:57:27','2023-12-29 21:57:27'),(6,16,1,'Pariatur dolorum fugiat consequatur debitis provident.','2024-01-23 12:33:06','2024-01-23 12:33:06'),(7,21,89,'Labore et dolor est tenetur quae magni est.','2023-12-18 07:33:11','2023-12-18 07:33:11'),(8,12,20,'Eum animi a eius ratione qui.','2024-02-09 14:45:35','2024-02-09 14:45:35'),(9,4,96,'Officia facere corrupti eum maxime ullam deleniti odit.','2024-01-25 20:44:14','2024-01-25 20:44:14'),(10,21,26,'Et earum ratione incidunt laboriosam.','2023-12-26 14:39:19','2023-12-26 14:39:19'),(11,3,44,'Minima tenetur velit quo et placeat facere.','2023-12-20 17:48:32','2023-12-20 17:48:32'),(12,9,91,'Repellat expedita quis dolorem totam.','2024-02-10 16:21:15','2024-02-10 16:21:15'),(13,20,59,'Ullam natus corporis recusandae nisi.','2023-12-06 22:10:55','2023-12-06 22:10:55'),(14,11,30,'Expedita illum non ut sint dolor eum eius.','2023-12-15 15:40:07','2023-12-15 15:40:07'),(15,16,53,'Fuga unde quas molestiae animi consequuntur.','2023-12-26 04:06:30','2023-12-26 04:06:30'),(16,7,50,'Ut quod quia ipsum vitae aut.','2024-02-11 18:33:04','2024-02-11 18:33:04'),(17,1,66,'In cum temporibus adipisci voluptatum consectetur.','2024-01-16 16:15:09','2024-01-16 16:15:09'),(18,11,38,'Illo placeat itaque quia nisi quae quo at.','2023-12-28 00:55:10','2023-12-28 00:55:10'),(19,20,21,'Repudiandae vel quas consequuntur aspernatur.','2023-12-09 02:57:52','2023-12-09 02:57:52'),(20,16,11,'Facere ullam et non quod eligendi ut est.','2024-01-08 16:41:12','2024-01-08 16:41:12'),(21,12,54,'Voluptatum aut ex assumenda magnam iste necessitatibus dolor.','2023-12-28 00:19:26','2023-12-28 00:19:26'),(22,10,68,'Vero sapiente quia cum voluptate aut unde nemo.','2024-02-02 19:38:17','2024-02-02 19:38:17'),(23,6,3,'Id quaerat quasi asperiores quo repellat aspernatur.','2024-01-04 08:29:23','2024-01-04 08:29:23'),(24,1,94,'Optio omnis animi qui at est esse.','2023-12-12 15:31:05','2023-12-12 15:31:05'),(25,10,28,'Dignissimos temporibus facilis quia perferendis nostrum.','2024-02-03 07:18:57','2024-02-03 07:18:57'),(26,21,27,'Ipsam eos mollitia veritatis.','2024-02-12 23:30:53','2024-02-12 23:30:53'),(27,2,52,'Eum distinctio praesentium sunt laudantium.','2023-12-15 20:24:37','2023-12-15 20:24:37'),(28,7,98,'Officia exercitationem placeat est neque.','2024-02-05 04:16:04','2024-02-05 04:16:04'),(29,5,42,'Molestiae sit in laudantium voluptas architecto sed nostrum est.','2024-01-31 14:15:35','2024-01-31 14:15:35'),(30,15,72,'Accusantium voluptates assumenda qui fuga eum.','2023-12-31 08:58:48','2023-12-31 08:58:48'),(31,13,29,'Et aperiam ut id voluptate.','2023-12-26 17:44:20','2023-12-26 17:44:20'),(32,21,25,'Voluptatibus quia quia id sed sit.','2023-12-06 07:31:33','2023-12-06 07:31:33'),(33,6,63,'A praesentium ea rerum et incidunt vel.','2023-12-12 18:47:48','2023-12-12 18:47:48'),(34,1,16,'Exercitationem fugiat dolores aliquam cum numquam tenetur doloribus cumque.','2023-12-19 19:21:03','2023-12-19 19:21:03'),(35,11,14,'Et aspernatur suscipit autem autem soluta.','2023-12-11 14:32:46','2023-12-11 14:32:46'),(36,1,48,'Quibusdam voluptatem voluptas rerum et.','2023-12-28 09:15:07','2023-12-28 09:15:07'),(37,21,91,'Aut delectus fuga placeat provident.','2023-12-21 09:18:31','2023-12-21 09:18:31'),(38,6,74,'Odit numquam facilis quam ad quisquam temporibus est.','2024-02-12 22:17:34','2024-02-12 22:17:34'),(39,10,25,'Eligendi similique itaque in molestiae.','2024-01-16 23:12:09','2024-01-16 23:12:09'),(40,18,94,'Excepturi voluptates aliquam distinctio qui totam nemo velit.','2024-02-09 10:34:19','2024-02-09 10:34:19'),(41,20,77,'Quibusdam consequatur facilis at assumenda maiores.','2024-01-23 08:02:19','2024-01-23 08:02:19'),(42,4,7,'Libero incidunt eum sunt qui.','2024-01-14 05:15:19','2024-01-14 05:15:19'),(43,16,55,'Voluptatum et similique veniam aliquam.','2024-01-13 23:16:02','2024-01-13 23:16:02'),(44,6,45,'Mollitia ullam voluptatem unde voluptas.','2024-01-27 21:51:05','2024-01-27 21:51:05'),(45,4,56,'Asperiores aut voluptatem ad et.','2024-01-19 21:04:32','2024-01-19 21:04:32'),(46,19,44,'Dolore officiis dignissimos similique excepturi commodi.','2023-12-31 22:49:16','2023-12-31 22:49:16'),(47,9,54,'Rerum possimus quo voluptas voluptas possimus.','2024-01-13 06:53:13','2024-01-13 06:53:13'),(48,21,78,'Omnis asperiores fugit voluptatibus voluptas dolorem quia ipsum.','2023-12-27 23:44:20','2023-12-27 23:44:20'),(49,15,79,'Incidunt sed quia minus porro mollitia fugit velit.','2023-12-21 22:59:51','2023-12-21 22:59:51'),(50,3,71,'Nam maxime illum autem eum repudiandae ea sit.','2024-01-27 06:47:15','2024-01-27 06:47:15'),(51,20,48,'Maxime nisi hic est.','2024-01-14 16:53:20','2024-01-14 16:53:20'),(52,6,14,'Voluptate ipsum natus et ea.','2023-12-19 16:38:17','2023-12-19 16:38:17'),(53,11,33,'Eos repellat temporibus asperiores totam vero excepturi voluptatum.','2024-02-01 16:46:51','2024-02-01 16:46:51'),(54,6,77,'Ut fuga eligendi nulla sit.','2023-12-22 15:47:15','2023-12-22 15:47:15'),(55,20,95,'Iusto ut libero fugit commodi et repellendus labore.','2023-12-09 04:43:52','2023-12-09 04:43:52'),(56,14,42,'Voluptas ipsam molestiae nulla commodi sit.','2024-01-20 02:16:03','2024-01-20 02:16:03'),(57,7,12,'Ad ab iusto accusamus id voluptatibus omnis fugiat.','2023-12-11 05:34:13','2023-12-11 05:34:13'),(58,5,79,'Hic nostrum quasi necessitatibus est aliquam est qui.','2024-01-06 22:45:24','2024-01-06 22:45:24'),(59,9,12,'Velit sapiente harum vel vitae occaecati excepturi iste.','2023-12-31 21:48:45','2023-12-31 21:48:45'),(60,15,39,'Fuga laudantium et voluptas non.','2023-12-16 18:58:02','2023-12-16 18:58:02'),(61,10,29,'Voluptatem quia ullam quam eos.','2024-01-23 03:00:03','2024-01-23 03:00:03'),(62,17,100,'Ut consequuntur molestias quam quo hic a nemo nam.','2024-01-19 17:00:03','2024-01-19 17:00:03'),(63,15,93,'Voluptatem asperiores distinctio incidunt praesentium molestiae sit ut maxime.','2023-12-25 00:48:43','2023-12-25 00:48:43'),(64,19,5,'A enim iste nisi voluptas aut provident dolores saepe.','2023-12-29 06:32:55','2023-12-29 06:32:55'),(65,15,13,'Sed sint expedita odit voluptates non in quidem.','2024-01-16 03:50:25','2024-01-16 03:50:25'),(66,15,54,'Voluptates qui quas optio excepturi optio consectetur.','2023-12-21 19:54:25','2023-12-21 19:54:25'),(67,1,64,'Adipisci consectetur nostrum cupiditate consequatur ab.','2023-12-25 11:11:27','2023-12-25 11:11:27'),(68,2,20,'Dolores est voluptas consequuntur explicabo totam vero possimus.','2023-12-24 21:40:04','2023-12-24 21:40:04'),(69,20,100,'Veniam molestiae veritatis eum cumque ab nobis dolorem.','2024-02-08 11:57:29','2024-02-08 11:57:29'),(70,4,50,'Veritatis et saepe quo.','2023-12-21 22:07:24','2023-12-21 22:07:24'),(71,14,67,'Aut aut dicta exercitationem quo tempora consequatur.','2023-12-06 02:30:28','2023-12-06 02:30:28'),(72,4,48,'Sed dolore molestias nobis porro autem eaque.','2023-12-10 01:17:23','2023-12-10 01:17:23'),(73,14,37,'Eius illum animi sit deleniti debitis vero minima accusamus.','2024-02-04 06:12:34','2024-02-04 06:12:34'),(74,18,5,'Modi eaque molestiae qui soluta repellat.','2024-01-06 08:17:21','2024-01-06 08:17:21'),(75,16,23,'Mollitia maxime repellat voluptatem id vel ut sed sed.','2023-12-30 12:44:36','2023-12-30 12:44:36'),(76,10,30,'Dolore et ea rerum unde culpa ut error.','2024-01-31 01:42:33','2024-01-31 01:42:33'),(77,18,35,'Nobis rem ea soluta delectus ea molestiae.','2024-01-17 18:50:59','2024-01-17 18:50:59'),(78,2,90,'Voluptatum commodi architecto odio eum blanditiis qui.','2024-01-20 03:22:50','2024-01-20 03:22:50'),(79,10,48,'Natus et qui cum aut.','2024-02-11 16:27:23','2024-02-11 16:27:23'),(80,13,62,'Repudiandae repellendus maxime eos voluptatibus.','2023-12-09 22:53:18','2023-12-09 22:53:18'),(81,14,20,'Totam reprehenderit ut ab odio atque natus nihil.','2024-01-10 11:37:51','2024-01-10 11:37:51'),(82,17,58,'Id pariatur itaque quisquam sed qui.','2024-01-26 01:00:50','2024-01-26 01:00:50'),(83,18,8,'Dignissimos qui deleniti autem.','2024-02-12 17:00:53','2024-02-12 17:00:53'),(84,16,17,'Voluptatibus in ipsa magni totam incidunt rerum laborum.','2023-12-27 02:26:32','2023-12-27 02:26:32'),(85,21,86,'Omnis aut iure voluptatibus.','2023-12-19 12:10:59','2023-12-19 12:10:59'),(86,9,46,'Quia voluptates iure sit delectus consequatur quod architecto.','2024-02-06 14:29:26','2024-02-06 14:29:26'),(87,14,44,'Delectus sit laborum voluptatem voluptatum enim vel.','2024-02-04 21:58:21','2024-02-04 21:58:21'),(88,3,82,'Aut provident voluptas aut repellendus.','2024-01-04 19:00:07','2024-01-04 19:00:07'),(89,7,77,'Et doloribus odit quisquam deserunt voluptatem dolorum.','2024-01-15 10:11:30','2024-01-15 10:11:30'),(90,16,12,'Occaecati molestias corporis esse natus.','2024-02-12 12:36:28','2024-02-12 12:36:28'),(91,8,71,'Ut qui expedita velit expedita accusamus maiores.','2024-01-31 00:22:29','2024-01-31 00:22:29'),(92,17,59,'Odio porro animi omnis ad eum ut alias.','2024-01-15 21:31:45','2024-01-15 21:31:45'),(93,19,97,'Ad explicabo dignissimos magni molestias.','2024-01-25 16:58:16','2024-01-25 16:58:16'),(94,5,94,'Illum recusandae beatae illo veniam qui non adipisci.','2024-02-12 23:54:18','2024-02-12 23:54:18'),(95,16,26,'Officiis alias numquam architecto ut perferendis.','2023-12-22 15:55:42','2023-12-22 15:55:42'),(96,2,52,'Natus doloremque et ab repellendus.','2023-12-07 04:30:23','2023-12-07 04:30:23'),(97,12,4,'Harum delectus omnis vel.','2024-01-14 11:26:47','2024-01-14 11:26:47'),(98,1,67,'Et voluptatem quod beatae quasi dolore.','2023-12-15 08:27:08','2023-12-15 08:27:08'),(99,20,73,'Expedita fugit eum nobis ea.','2023-12-25 22:44:15','2023-12-25 22:44:15'),(100,17,41,'Ea modi veniam pariatur molestias consequuntur blanditiis deleniti.','2023-12-16 11:39:05','2023-12-16 11:39:05'),(101,6,89,'Et maxime dolorum corporis laudantium ut aliquam nostrum assumenda.','2024-02-08 21:51:50','2024-02-08 21:51:50'),(102,1,97,'Facilis aut dignissimos enim odit accusantium id in voluptatem.','2024-02-11 02:36:25','2024-02-11 02:36:25'),(103,16,17,'Voluptatibus debitis et culpa.','2023-12-30 04:51:36','2023-12-30 04:51:36'),(104,9,74,'Cumque doloribus totam quia perspiciatis rerum.','2024-01-19 06:07:59','2024-01-19 06:07:59'),(105,7,83,'Sint iure quo quo sint amet labore mollitia.','2024-02-08 17:10:48','2024-02-08 17:10:48'),(106,5,81,'Ullam quia quibusdam voluptatem molestias voluptatum ut quia.','2023-12-15 20:38:25','2023-12-15 20:38:25'),(107,5,29,'A aspernatur harum dolores harum harum debitis laboriosam.','2024-02-02 12:35:25','2024-02-02 12:35:25'),(108,5,94,'Corrupti suscipit tempore esse.','2024-01-10 20:02:00','2024-01-10 20:02:00'),(109,9,43,'Pariatur quam ullam laudantium praesentium vitae necessitatibus.','2024-01-10 16:39:40','2024-01-10 16:39:40'),(110,6,45,'Autem rem et necessitatibus in ducimus.','2024-01-11 19:43:28','2024-01-11 19:43:28'),(111,12,95,'Perspiciatis reiciendis amet sapiente est.','2023-12-25 21:18:11','2023-12-25 21:18:11'),(112,2,33,'Dolores similique nemo occaecati quasi.','2023-12-10 03:50:33','2023-12-10 03:50:33'),(113,18,19,'Dolorem libero est quae vel fuga ipsam.','2023-12-29 01:39:19','2023-12-29 01:39:19'),(114,6,75,'Voluptates veritatis repellendus ab quisquam dolorum quia nesciunt mollitia.','2023-12-10 03:57:59','2023-12-10 03:57:59'),(115,17,32,'Quibusdam ipsa voluptatum expedita.','2024-02-02 12:37:19','2024-02-02 12:37:19'),(116,19,37,'Nostrum officiis dolor qui ipsa voluptates.','2024-02-03 21:55:44','2024-02-03 21:55:44'),(117,14,23,'Dolorem libero quasi omnis.','2024-01-12 09:19:06','2024-01-12 09:19:06'),(118,12,17,'Magni ut accusantium voluptate voluptatem eaque qui qui.','2024-01-27 03:42:56','2024-01-27 03:42:56'),(119,18,13,'Qui neque explicabo sit voluptatem nam.','2024-01-05 17:49:21','2024-01-05 17:49:21'),(120,15,2,'Aut odit inventore fugiat omnis.','2024-01-29 10:21:02','2024-01-29 10:21:02'),(121,3,18,'Et quisquam dolorum dolorum adipisci ut.','2023-12-27 02:33:02','2023-12-27 02:33:02'),(122,12,52,'Aut quasi suscipit mollitia quo et.','2024-02-09 01:54:03','2024-02-09 01:54:03'),(123,8,10,'Et sit neque est necessitatibus praesentium.','2023-12-28 17:24:32','2023-12-28 17:24:32'),(124,1,82,'Vel reprehenderit consequatur quaerat reiciendis laboriosam.','2024-01-03 11:02:25','2024-01-03 11:02:25'),(125,17,63,'Laboriosam ea necessitatibus minima est odit.','2024-01-18 06:22:54','2024-01-18 06:22:54'),(126,18,24,'Reprehenderit aperiam tempora molestiae nam ut et.','2024-01-16 15:59:44','2024-01-16 15:59:44'),(127,8,72,'Quas dolor ut ducimus repellendus dolorem beatae vitae.','2023-12-31 12:56:14','2023-12-31 12:56:14'),(128,17,86,'Omnis aspernatur ut adipisci nostrum et eveniet sit.','2024-01-11 04:35:08','2024-01-11 04:35:08'),(129,16,16,'Totam excepturi ipsa saepe aut tenetur rerum omnis.','2024-01-22 11:11:50','2024-01-22 11:11:50'),(130,12,88,'Non dolorem tempora repudiandae occaecati excepturi sint sint iste.','2023-12-27 19:06:34','2023-12-27 19:06:34'),(131,15,32,'Velit sunt dolorum praesentium vitae dolor incidunt.','2023-12-17 05:55:29','2023-12-17 05:55:29'),(132,8,87,'Inventore amet asperiores dolor aut.','2023-12-15 03:50:18','2023-12-15 03:50:18'),(133,21,72,'Tempore molestias dolorum dignissimos vitae.','2024-01-04 10:55:58','2024-01-04 10:55:58'),(134,18,95,'Maiores dicta nobis qui nihil consequatur sunt.','2023-12-07 10:01:50','2023-12-07 10:01:50'),(135,8,13,'Nemo eius deserunt debitis.','2023-12-11 06:56:21','2023-12-11 06:56:21'),(136,2,28,'Asperiores qui aliquid nemo voluptatem rerum dicta id.','2024-01-24 12:02:02','2024-01-24 12:02:02'),(137,12,65,'Officia accusantium tempore velit sapiente iusto accusamus beatae.','2023-12-17 22:45:48','2023-12-17 22:45:48'),(138,10,8,'Ipsum omnis rerum qui incidunt quo repellat.','2024-02-10 00:03:20','2024-02-10 00:03:20'),(139,13,16,'Qui repellendus vero aspernatur.','2024-02-09 02:52:22','2024-02-09 02:52:22'),(140,7,63,'Quis odio consequatur libero odit expedita cupiditate sequi.','2024-01-03 19:54:47','2024-01-03 19:54:47'),(141,19,67,'Aliquid et doloribus consectetur sit omnis exercitationem nisi.','2024-02-02 16:10:45','2024-02-02 16:10:45'),(142,11,46,'Rerum qui repellat quia in autem.','2024-01-27 01:36:46','2024-01-27 01:36:46'),(143,1,68,'Recusandae et velit asperiores et.','2023-12-14 08:41:19','2023-12-14 08:41:19'),(144,5,97,'Nam libero sed sunt ut adipisci.','2024-01-24 10:33:47','2024-01-24 10:33:47'),(145,12,41,'Vel aperiam omnis aliquid.','2023-12-17 21:01:16','2023-12-17 21:01:16'),(146,5,7,'Quibusdam fugit eum pariatur eos.','2024-01-14 21:40:43','2024-01-14 21:40:43'),(147,6,25,'Et maxime rerum iste corrupti voluptas.','2024-01-06 15:15:23','2024-01-06 15:15:23'),(148,5,39,'Et asperiores dicta quia accusamus reprehenderit et.','2024-01-10 04:55:43','2024-01-10 04:55:43'),(149,7,26,'Deserunt velit ab autem accusantium amet repellendus nostrum accusamus.','2024-01-22 19:26:54','2024-01-22 19:26:54'),(150,9,76,'Deserunt quod ipsum sint ut.','2023-12-12 06:10:49','2023-12-12 06:10:49'),(151,9,56,'Et dolores sunt alias qui enim voluptas.','2024-01-13 19:43:35','2024-01-13 19:43:35'),(152,6,46,'Ratione delectus quidem minus tempora eum.','2024-01-11 07:57:23','2024-01-11 07:57:23'),(153,3,77,'Dolorum tempora sint et.','2024-02-02 19:52:49','2024-02-02 19:52:49'),(154,2,31,'Facere est autem numquam nihil.','2024-02-02 02:27:38','2024-02-02 02:27:38'),(155,6,50,'Aut quia et voluptates maiores inventore.','2023-12-15 13:53:13','2023-12-15 13:53:13'),(156,17,26,'Sint nisi modi incidunt vero id ad unde.','2024-02-10 08:26:25','2024-02-10 08:26:25'),(157,8,61,'Omnis soluta ad enim voluptatem dolor perspiciatis sequi modi.','2024-02-10 07:05:29','2024-02-10 07:05:29'),(158,18,69,'Non laborum veniam occaecati velit sed.','2023-12-07 11:01:31','2023-12-07 11:01:31'),(159,11,73,'Sunt ea totam nulla et ut repellat.','2023-12-16 09:54:45','2023-12-16 09:54:45'),(160,10,8,'Sequi dolores dolorem quo itaque minima commodi qui.','2024-02-11 04:25:35','2024-02-11 04:25:35'),(161,18,36,'Ut sequi qui impedit amet rerum error.','2024-01-08 18:46:26','2024-01-08 18:46:26'),(162,20,70,'Rem molestias aut fugiat et maxime omnis rerum.','2023-12-17 13:53:34','2023-12-17 13:53:34'),(163,18,35,'Quisquam aut laborum laborum non.','2024-01-26 03:56:52','2024-01-26 03:56:52'),(164,5,19,'Ut explicabo quia sapiente illum quod.','2023-12-12 04:31:58','2023-12-12 04:31:58'),(165,14,7,'Ratione ex omnis esse odit aliquid.','2024-01-04 14:52:23','2024-01-04 14:52:23'),(166,13,67,'Aliquam perferendis consectetur et temporibus ratione atque placeat.','2023-12-16 08:26:09','2023-12-16 08:26:09'),(167,15,81,'Fuga accusantium nihil ullam accusamus eum reprehenderit quasi.','2024-01-13 00:09:08','2024-01-13 00:09:08'),(168,2,56,'Enim possimus soluta esse rerum est.','2024-02-06 21:11:18','2024-02-06 21:11:18'),(169,15,42,'Et odit aut pariatur repudiandae.','2023-12-10 17:02:28','2023-12-10 17:02:28'),(170,16,46,'Ut quia facilis earum et harum natus placeat qui.','2024-01-21 16:20:36','2024-01-21 16:20:36'),(171,8,17,'Quis magni fugit sint occaecati non.','2024-01-07 16:55:59','2024-01-07 16:55:59'),(172,11,54,'Pariatur officiis sit quisquam aut.','2024-01-09 18:08:04','2024-01-09 18:08:04'),(173,2,95,'Voluptatibus laudantium voluptate eum ea ut sint odio.','2023-12-27 02:29:24','2023-12-27 02:29:24'),(174,9,75,'Rerum et corporis provident.','2024-01-04 05:26:44','2024-01-04 05:26:44'),(175,16,67,'Architecto aliquam inventore ipsum ut.','2024-01-30 13:00:29','2024-01-30 13:00:29'),(176,1,9,'Qui et laboriosam sunt eligendi velit cumque ut.','2024-01-14 12:59:16','2024-01-14 12:59:16'),(177,20,2,'Ea aperiam exercitationem quia odio repudiandae error.','2023-12-14 18:48:53','2023-12-14 18:48:53'),(178,15,50,'Ea eligendi delectus amet laudantium.','2024-01-29 04:18:42','2024-01-29 04:18:42'),(179,12,8,'Qui vero amet laboriosam id.','2023-12-21 20:46:26','2023-12-21 20:46:26'),(180,10,96,'Qui possimus accusamus facilis quibusdam et non est similique.','2024-02-10 01:53:15','2024-02-10 01:53:15'),(181,3,53,'Quisquam architecto itaque cumque sit.','2024-01-03 12:36:09','2024-01-03 12:36:09'),(182,14,49,'Adipisci voluptatem vel minima doloribus.','2024-01-22 21:13:02','2024-01-22 21:13:02'),(183,20,31,'Dolor corrupti et sequi laboriosam non.','2024-01-18 02:30:43','2024-01-18 02:30:43'),(184,12,83,'Error inventore sed iure necessitatibus.','2024-01-25 19:10:32','2024-01-25 19:10:32'),(185,1,55,'Possimus reprehenderit numquam et cumque quo nostrum ex.','2024-02-08 14:09:09','2024-02-08 14:09:09'),(186,21,84,'Nisi accusantium maxime nisi esse minima dolor dolore.','2024-01-24 00:26:30','2024-01-24 00:26:30'),(187,9,52,'Expedita officiis ad quidem explicabo ab eligendi.','2024-01-17 06:15:11','2024-01-17 06:15:11'),(188,21,81,'Enim omnis et ut et officiis molestias esse sunt.','2024-02-12 22:17:04','2024-02-12 22:17:04'),(189,5,31,'Consequatur et a quisquam ut accusantium ea enim.','2024-01-18 13:05:53','2024-01-18 13:05:53'),(190,10,78,'Qui eos sed quod aspernatur impedit omnis.','2024-01-23 21:24:10','2024-01-23 21:24:10'),(191,21,27,'Ab cum similique quia enim aut rem illo.','2024-01-28 13:12:19','2024-01-28 13:12:19'),(192,16,92,'Eligendi magni accusantium est voluptatibus modi velit fugit.','2024-02-01 05:31:29','2024-02-01 05:31:29'),(193,20,34,'Sequi quo unde minus repellat molestiae.','2024-01-29 00:01:48','2024-01-29 00:01:48'),(194,1,75,'Modi reiciendis consequatur qui ex enim.','2024-01-27 02:09:11','2024-01-27 02:09:11'),(195,19,27,'Nihil rerum asperiores itaque eum ea et molestias qui.','2023-12-23 02:10:27','2023-12-23 02:10:27'),(196,15,24,'Voluptas vel non quis.','2024-02-09 06:45:24','2024-02-09 06:45:24'),(197,11,3,'Asperiores praesentium modi suscipit repellat.','2024-01-06 01:39:01','2024-01-06 01:39:01'),(198,15,68,'Facere non ut repellendus.','2023-12-09 10:16:48','2023-12-09 10:16:48'),(199,18,79,'Et temporibus est maxime animi quia.','2023-12-22 08:35:14','2023-12-22 08:35:14'),(200,4,31,'Nulla fugit repudiandae repellat reiciendis molestias in.','2023-12-28 00:31:56','2023-12-28 00:31:56'),(201,15,50,'Non fuga libero libero.','2024-02-11 06:20:05','2024-02-11 06:20:05'),(202,18,86,'Autem nesciunt dolorum ducimus ut omnis necessitatibus.','2024-01-02 15:02:04','2024-01-02 15:02:04'),(203,8,19,'Dolor est incidunt laborum eveniet vel consequatur in.','2024-02-02 18:22:43','2024-02-02 18:22:43'),(204,7,18,'Sed harum possimus omnis illum libero sed.','2024-01-04 22:34:17','2024-01-04 22:34:17'),(205,9,6,'Non voluptatem et vel.','2023-12-24 19:17:12','2023-12-24 19:17:12'),(206,16,50,'Aliquam dolor necessitatibus aut rem vel.','2023-12-07 11:07:32','2023-12-07 11:07:32'),(207,12,3,'Neque aut architecto tenetur laudantium veritatis maiores nihil.','2024-01-26 19:31:44','2024-01-26 19:31:44'),(208,11,9,'Atque laborum sunt totam dolores nisi dolorem.','2024-01-19 21:32:43','2024-01-19 21:32:43'),(209,18,31,'Ipsum necessitatibus laboriosam soluta voluptatem.','2023-12-29 07:10:42','2023-12-29 07:10:42'),(210,4,73,'Assumenda molestias non libero architecto fugiat.','2023-12-06 19:52:26','2023-12-06 19:52:26'),(211,16,70,'Mollitia saepe quis dolorum voluptatem.','2024-01-31 00:36:21','2024-01-31 00:36:21'),(212,6,20,'Error maxime tenetur sunt esse incidunt vitae harum inventore.','2023-12-10 06:27:03','2023-12-10 06:27:03'),(213,8,13,'Quasi omnis distinctio consequatur reiciendis.','2024-01-09 01:13:07','2024-01-09 01:13:07'),(214,7,28,'Esse enim est dignissimos illo non amet voluptates.','2024-01-16 01:50:18','2024-01-16 01:50:18'),(215,15,6,'Iusto et repellendus voluptatibus reprehenderit voluptate aperiam quo vitae.','2024-02-03 00:45:00','2024-02-03 00:45:00'),(216,21,76,'Atque earum et qui sed culpa maxime voluptatibus.','2024-01-29 16:59:13','2024-01-29 16:59:13'),(217,16,21,'Aut quam quasi explicabo neque sed.','2024-01-31 14:41:49','2024-01-31 14:41:49'),(218,9,77,'Impedit vel itaque quo qui eligendi.','2024-01-15 07:23:24','2024-01-15 07:23:24'),(219,13,96,'Facilis rerum eius est sit modi.','2024-01-20 09:30:57','2024-01-20 09:30:57'),(220,1,28,'Ut nihil numquam magnam rerum id laboriosam quibusdam.','2023-12-12 12:30:26','2023-12-12 12:30:26'),(221,4,96,'Et quis modi reiciendis.','2024-01-31 20:45:16','2024-01-31 20:45:16'),(222,20,55,'Magni soluta aut minima error ut.','2023-12-21 18:55:08','2023-12-21 18:55:08'),(223,11,12,'Dolores ex sint quisquam omnis velit.','2024-01-06 17:47:06','2024-01-06 17:47:06'),(224,1,84,'Esse autem veritatis ab quam.','2024-01-12 17:21:44','2024-01-12 17:21:44'),(225,11,41,'Non qui asperiores nemo voluptatem eum nulla id earum.','2023-12-08 02:32:25','2023-12-08 02:32:25'),(226,17,6,'Explicabo minima incidunt eos est voluptatem quam consequatur.','2023-12-14 15:51:47','2023-12-14 15:51:47'),(227,5,6,'Ut temporibus exercitationem temporibus ea optio maiores rerum.','2024-01-30 16:57:49','2024-01-30 16:57:49'),(228,10,17,'Velit iusto itaque totam aliquid aperiam natus voluptas.','2024-01-24 14:54:44','2024-01-24 14:54:44'),(229,2,59,'Vero hic eligendi eos sint est voluptatem.','2023-12-13 06:40:28','2023-12-13 06:40:28'),(230,2,30,'Maxime quia amet id sint est ut.','2023-12-26 17:46:23','2023-12-26 17:46:23'),(231,10,1,'Architecto impedit sint laboriosam rerum.','2023-12-27 22:18:47','2023-12-27 22:18:47'),(232,13,78,'Minima sit enim magnam molestiae.','2023-12-20 16:12:46','2023-12-20 16:12:46'),(233,18,78,'Consequatur quasi sunt minus amet deserunt ut nemo.','2023-12-16 13:08:06','2023-12-16 13:08:06'),(234,14,64,'Similique alias vel voluptatibus sit dolor totam.','2024-01-19 03:47:56','2024-01-19 03:47:56'),(235,7,61,'Error recusandae iure fugit placeat et doloribus amet adipisci.','2024-02-06 19:44:44','2024-02-06 19:44:44'),(236,5,1,'Quasi quae ad dolore commodi fugiat eveniet.','2023-12-23 17:49:33','2023-12-23 17:49:33'),(237,10,29,'Labore et unde odio.','2024-02-09 19:59:43','2024-02-09 19:59:43'),(238,14,54,'Ut et sit commodi.','2023-12-10 15:18:14','2023-12-10 15:18:14'),(239,8,36,'Omnis alias amet rerum delectus cupiditate.','2024-01-20 19:37:14','2024-01-20 19:37:14'),(240,12,20,'Magnam cum labore non et ullam nihil beatae voluptatem.','2024-01-26 21:39:51','2024-01-26 21:39:51'),(241,2,53,'Aut et excepturi porro.','2023-12-30 03:36:48','2023-12-30 03:36:48'),(242,11,71,'Illo consequuntur quos nisi.','2023-12-27 07:23:58','2023-12-27 07:23:58'),(243,19,48,'Dolor ut totam esse.','2024-01-11 03:30:57','2024-01-11 03:30:57'),(244,5,31,'Voluptas quis rem eaque ducimus fugit.','2023-12-21 21:37:28','2023-12-21 21:37:28'),(245,9,9,'Dignissimos odit dolore fugiat et et consequatur.','2023-12-05 20:59:49','2023-12-05 20:59:49'),(246,11,17,'Quasi exercitationem accusantium consequatur.','2023-12-10 10:32:46','2023-12-10 10:32:46'),(247,20,79,'Est nisi impedit aut perspiciatis iusto impedit.','2024-02-06 23:52:36','2024-02-06 23:52:36'),(248,3,26,'Provident voluptates et sapiente deleniti molestias accusantium nam dolore.','2024-01-07 05:29:16','2024-01-07 05:29:16'),(249,4,19,'Rerum qui dolorem quos eos.','2024-02-12 20:25:44','2024-02-12 20:25:44'),(250,17,54,'Rem voluptatum et corrupti eum sed dolores.','2024-02-04 13:22:55','2024-02-04 13:22:55'),(251,21,99,'Autem sed unde id eligendi omnis non veniam.','2024-02-06 20:20:53','2024-02-06 20:20:53'),(252,12,94,'Laboriosam sed inventore aut libero ullam alias voluptas.','2024-01-24 10:52:18','2024-01-24 10:52:18'),(253,9,71,'Veniam provident ut blanditiis nam iste sapiente.','2023-12-17 14:35:15','2023-12-17 14:35:15'),(254,21,74,'Unde qui reiciendis voluptatum.','2024-01-04 06:19:44','2024-01-04 06:19:44'),(255,12,75,'Cupiditate voluptates deserunt facere maiores voluptates modi natus tempora.','2024-01-20 18:51:25','2024-01-20 18:51:25'),(256,1,71,'Rerum earum necessitatibus amet qui.','2024-01-01 06:26:36','2024-01-01 06:26:36'),(257,10,72,'Minima provident saepe et voluptate eum.','2024-01-30 12:20:58','2024-01-30 12:20:58'),(258,19,54,'Itaque aperiam in dolorem illum et.','2024-01-07 22:42:19','2024-01-07 22:42:19'),(259,14,33,'Non doloribus dolor vel sed quaerat fugit qui ea.','2023-12-29 03:04:14','2023-12-29 03:04:14'),(260,19,33,'Explicabo animi unde illo aut.','2023-12-30 03:39:49','2023-12-30 03:39:49'),(261,5,34,'Dignissimos odit natus dolor a consequatur.','2024-01-08 21:40:31','2024-01-08 21:40:31'),(262,20,31,'Iste et eaque debitis animi soluta nisi vel eos.','2024-01-23 01:03:51','2024-01-23 01:03:51'),(263,8,88,'Rem et consequuntur nostrum molestiae quo voluptas.','2023-12-12 12:15:12','2023-12-12 12:15:12'),(264,2,47,'Iste velit saepe rerum nihil.','2024-02-12 06:45:32','2024-02-12 06:45:32'),(265,5,4,'Accusantium voluptas distinctio repellendus.','2024-01-26 14:07:05','2024-01-26 14:07:05'),(266,14,50,'Rerum dolorem voluptatem et velit.','2024-02-10 12:57:37','2024-02-10 12:57:37'),(267,3,90,'Blanditiis labore est placeat et rerum.','2023-12-12 19:11:22','2023-12-12 19:11:22'),(268,7,12,'Tempore cumque eos quos cupiditate magnam.','2023-12-07 23:01:05','2023-12-07 23:01:05'),(269,7,100,'Consectetur nisi autem nesciunt quia aliquid et et.','2023-12-28 01:15:28','2023-12-28 01:15:28'),(270,20,32,'Quod minima earum omnis molestiae voluptate.','2023-12-14 05:37:03','2023-12-14 05:37:03'),(271,3,47,'Soluta et consequatur nostrum earum voluptate accusantium quia.','2024-02-11 14:36:31','2024-02-11 14:36:31'),(272,20,65,'Nihil sed cumque ea.','2024-01-20 19:05:22','2024-01-20 19:05:22'),(273,6,58,'Quo est ullam omnis.','2023-12-10 13:36:42','2023-12-10 13:36:42'),(274,5,98,'Deleniti iure eligendi eos blanditiis ut quia eveniet et.','2023-12-28 13:39:49','2023-12-28 13:39:49'),(275,14,84,'Corrupti aut ratione et et est voluptatibus sit.','2024-02-09 03:00:16','2024-02-09 03:00:16'),(276,2,96,'Modi et distinctio non maiores accusamus iusto ea.','2023-12-09 07:59:48','2023-12-09 07:59:48'),(277,5,83,'Et sunt hic et.','2023-12-17 07:48:23','2023-12-17 07:48:23'),(278,19,12,'Accusamus temporibus quidem maxime ut pariatur rem dolores.','2023-12-07 10:02:48','2023-12-07 10:02:48'),(279,2,32,'Voluptatem velit deleniti quia.','2024-02-09 23:23:27','2024-02-09 23:23:27'),(280,20,100,'Pariatur amet incidunt sit magni debitis veritatis animi qui.','2023-12-31 09:06:57','2023-12-31 09:06:57'),(281,1,59,'Tempore nihil tempora voluptas.','2024-01-21 01:15:11','2024-01-21 01:15:11'),(282,10,25,'Illum ipsa deserunt sed minima possimus alias magnam.','2023-12-05 13:18:07','2023-12-05 13:18:07'),(283,19,41,'Praesentium occaecati aut dolorem ad dolorem.','2024-02-11 03:54:15','2024-02-11 03:54:15'),(284,7,60,'Quisquam odit mollitia maiores ratione.','2024-01-17 01:57:26','2024-01-17 01:57:26'),(285,15,99,'Dolor quam et et.','2023-12-17 13:59:56','2023-12-17 13:59:56'),(286,6,21,'Dicta et voluptatibus quidem eos illum et ab.','2024-01-27 09:37:42','2024-01-27 09:37:42'),(287,3,4,'Molestias aut dolorem dolores natus ullam illo.','2023-12-11 18:25:22','2023-12-11 18:25:22'),(288,1,26,'Omnis deleniti nisi vel illum dolores pariatur animi.','2024-02-10 17:22:35','2024-02-10 17:22:35'),(289,5,17,'Architecto dolor eius quas deserunt.','2023-12-19 17:30:10','2023-12-19 17:30:10'),(290,5,38,'Voluptate eos aut qui maxime magnam consequuntur hic recusandae.','2024-01-31 14:51:45','2024-01-31 14:51:45'),(291,14,96,'Qui impedit molestiae et commodi nulla.','2024-02-01 18:37:21','2024-02-01 18:37:21'),(292,9,95,'Eaque delectus explicabo ea voluptas dolorem et.','2023-12-31 04:24:25','2023-12-31 04:24:25'),(293,8,4,'Culpa aut numquam sint voluptatum.','2024-01-12 00:38:29','2024-01-12 00:38:29'),(294,14,22,'Et sint odit laudantium corrupti.','2024-01-29 22:55:32','2024-01-29 22:55:32'),(295,2,64,'Nemo maxime suscipit cum accusantium.','2024-01-22 03:19:13','2024-01-22 03:19:13'),(296,20,68,'Aut provident debitis corrupti impedit vel eum accusamus.','2024-01-04 12:34:48','2024-01-04 12:34:48'),(297,7,83,'Iure sunt rerum molestias voluptas iusto.','2023-12-16 21:46:57','2023-12-16 21:46:57'),(298,13,8,'Ea ut cum impedit praesentium ut.','2024-01-14 23:50:43','2024-01-14 23:50:43'),(299,4,13,'Consequuntur accusantium repellendus eum et velit quis nostrum.','2024-02-07 05:40:23','2024-02-07 05:40:23'),(300,1,5,'Ut commodi sunt commodi.','2024-01-10 20:10:22','2024-01-10 20:10:22');
/*!40000 ALTER TABLE `comments` ENABLE KEYS */;
UNLOCK TABLES;

--
-- Table structure for table `failed_jobs`
--

DROP TABLE IF EXISTS `failed_jobs`;
/*!40101 SET @saved_cs_client     = @@character_set_client */;
/*!40101 SET character_set_client = utf8 */;
CREATE TABLE `failed_jobs` (
  `id` bigint(20) unsigned NOT NULL AUTO_INCREMENT,
  `uuid` varchar(255) NOT NULL,
  `connection` text NOT NULL,
  `queue` text NOT NULL,
  `payload` longtext NOT NULL,
  `exception` longtext NOT NULL,
  `failed_at` timestamp NOT NULL DEFAULT current_timestamp(),
  PRIMARY KEY (`id`),
  UNIQUE KEY `failed_jobs_uuid_unique` (`uuid`)
) ENGINE=InnoDB DEFAULT CHARSET=utf8mb4 COLLATE=utf8mb4_unicode_ci;
/*!40101 SET character_set_client = @saved_cs_client */;

--
-- Dumping data for table `failed_jobs`
--

LOCK TABLES `failed_jobs` WRITE;
/*!40000 ALTER TABLE `failed_jobs` DISABLE KEYS */;
/*!40000 ALTER TABLE `failed_jobs` ENABLE KEYS */;
UNLOCK TABLES;

--
-- Table structure for table `migrations`
--

DROP TABLE IF EXISTS `migrations`;
/*!40101 SET @saved_cs_client     = @@character_set_client */;
/*!40101 SET character_set_client = utf8 */;
CREATE TABLE `migrations` (
  `id` int(10) unsigned NOT NULL AUTO_INCREMENT,
  `migration` varchar(255) NOT NULL,
  `batch` int(11) NOT NULL,
  PRIMARY KEY (`id`)
) ENGINE=InnoDB AUTO_INCREMENT=14 DEFAULT CHARSET=utf8mb4 COLLATE=utf8mb4_unicode_ci;
/*!40101 SET character_set_client = @saved_cs_client */;

--
-- Dumping data for table `migrations`
--

LOCK TABLES `migrations` WRITE;
/*!40000 ALTER TABLE `migrations` DISABLE KEYS */;
INSERT INTO `migrations` VALUES (5,'2014_10_12_000000_create_users_table',1),(6,'2014_10_12_100000_create_password_reset_tokens_table',1),(7,'2019_08_19_000000_create_failed_jobs_table',1),(8,'2019_12_14_000001_create_personal_access_tokens_table',1),(9,'2024_02_13_104803_create_posts_table',1),(10,'2024_02_13_105728_create_categories_table',1),(11,'2024_02_13_110842_create_category_post_table',1),(12,'2024_02_13_111113_create_post_like_table',1),(13,'2024_02_13_111502_create_comments_table',1);
/*!40000 ALTER TABLE `migrations` ENABLE KEYS */;
UNLOCK TABLES;

--
-- Table structure for table `password_reset_tokens`
--

DROP TABLE IF EXISTS `password_reset_tokens`;
/*!40101 SET @saved_cs_client     = @@character_set_client */;
/*!40101 SET character_set_client = utf8 */;
CREATE TABLE `password_reset_tokens` (
  `email` varchar(255) NOT NULL,
  `token` varchar(255) NOT NULL,
  `created_at` timestamp NULL DEFAULT NULL,
  PRIMARY KEY (`email`)
) ENGINE=InnoDB DEFAULT CHARSET=utf8mb4 COLLATE=utf8mb4_unicode_ci;
/*!40101 SET character_set_client = @saved_cs_client */;

--
-- Dumping data for table `password_reset_tokens`
--

LOCK TABLES `password_reset_tokens` WRITE;
/*!40000 ALTER TABLE `password_reset_tokens` DISABLE KEYS */;
/*!40000 ALTER TABLE `password_reset_tokens` ENABLE KEYS */;
UNLOCK TABLES;

--
-- Table structure for table `personal_access_tokens`
--

DROP TABLE IF EXISTS `personal_access_tokens`;
/*!40101 SET @saved_cs_client     = @@character_set_client */;
/*!40101 SET character_set_client = utf8 */;
CREATE TABLE `personal_access_tokens` (
  `id` bigint(20) unsigned NOT NULL AUTO_INCREMENT,
  `tokenable_type` varchar(255) NOT NULL,
  `tokenable_id` bigint(20) unsigned NOT NULL,
  `name` varchar(255) NOT NULL,
  `token` varchar(64) NOT NULL,
  `abilities` text DEFAULT NULL,
  `last_used_at` timestamp NULL DEFAULT NULL,
  `expires_at` timestamp NULL DEFAULT NULL,
  `created_at` timestamp NULL DEFAULT NULL,
  `updated_at` timestamp NULL DEFAULT NULL,
  PRIMARY KEY (`id`),
  UNIQUE KEY `personal_access_tokens_token_unique` (`token`),
  KEY `personal_access_tokens_tokenable_type_tokenable_id_index` (`tokenable_type`,`tokenable_id`)
) ENGINE=InnoDB DEFAULT CHARSET=utf8mb4 COLLATE=utf8mb4_unicode_ci;
/*!40101 SET character_set_client = @saved_cs_client */;

--
-- Dumping data for table `personal_access_tokens`
--

LOCK TABLES `personal_access_tokens` WRITE;
/*!40000 ALTER TABLE `personal_access_tokens` DISABLE KEYS */;
/*!40000 ALTER TABLE `personal_access_tokens` ENABLE KEYS */;
UNLOCK TABLES;

--
-- Table structure for table `post_like`
--

DROP TABLE IF EXISTS `post_like`;
/*!40101 SET @saved_cs_client     = @@character_set_client */;
/*!40101 SET character_set_client = utf8 */;
CREATE TABLE `post_like` (
  `id` bigint(20) unsigned NOT NULL AUTO_INCREMENT,
  `user_id` bigint(20) unsigned NOT NULL,
  `post_id` bigint(20) unsigned NOT NULL,
  `created_at` timestamp NULL DEFAULT NULL,
  `updated_at` timestamp NULL DEFAULT NULL,
  PRIMARY KEY (`id`),
  KEY `post_like_user_id_foreign` (`user_id`),
  KEY `post_like_post_id_foreign` (`post_id`),
  CONSTRAINT `post_like_post_id_foreign` FOREIGN KEY (`post_id`) REFERENCES `posts` (`id`) ON DELETE CASCADE,
  CONSTRAINT `post_like_user_id_foreign` FOREIGN KEY (`user_id`) REFERENCES `users` (`id`) ON DELETE CASCADE
) ENGINE=InnoDB DEFAULT CHARSET=utf8mb4 COLLATE=utf8mb4_unicode_ci;
/*!40101 SET character_set_client = @saved_cs_client */;

--
-- Dumping data for table `post_like`
--

LOCK TABLES `post_like` WRITE;
/*!40000 ALTER TABLE `post_like` DISABLE KEYS */;
/*!40000 ALTER TABLE `post_like` ENABLE KEYS */;
UNLOCK TABLES;

--
-- Table structure for table `posts`
--

DROP TABLE IF EXISTS `posts`;
/*!40101 SET @saved_cs_client     = @@character_set_client */;
/*!40101 SET character_set_client = utf8 */;
CREATE TABLE `posts` (
  `id` bigint(20) unsigned NOT NULL AUTO_INCREMENT,
  `user_id` bigint(20) unsigned NOT NULL,
  `image` varchar(255) DEFAULT NULL,
  `title` varchar(255) NOT NULL,
  `slug` varchar(255) NOT NULL,
  `body` text NOT NULL,
  `featured` tinyint(1) NOT NULL DEFAULT 0,
  `created_at` timestamp NULL DEFAULT NULL,
  `updated_at` timestamp NULL DEFAULT NULL,
  PRIMARY KEY (`id`),
  UNIQUE KEY `posts_slug_unique` (`slug`),
  KEY `posts_user_id_foreign` (`user_id`),
  CONSTRAINT `posts_user_id_foreign` FOREIGN KEY (`user_id`) REFERENCES `users` (`id`) ON DELETE CASCADE
) ENGINE=InnoDB AUTO_INCREMENT=101 DEFAULT CHARSET=utf8mb4 COLLATE=utf8mb4_unicode_ci;
/*!40101 SET character_set_client = @saved_cs_client */;

--
-- Dumping data for table `posts`
--

LOCK TABLES `posts` WRITE;
/*!40000 ALTER TABLE `posts` DISABLE KEYS */;
INSERT INTO `posts` VALUES (1,13,'https://via.placeholder.com/640x480.png/007711?text=a','Fugit repellat atque natus expedita.','explicabo-voluptatem','Quidem asperiores aut rem deserunt soluta quia eveniet. Aliquid est omnis provident quia vel rerum id blanditiis. Voluptas tempora omnis quam ducimus quo et omnis. Est voluptas velit at non laborum ducimus.\n\nNihil dolores aut ut unde velit. Saepe deleniti porro dicta aut officiis. Necessitatibus nihil quisquam dolorem earum sed rerum. Necessitatibus consequatur cum magni pariatur veritatis.\n\nRepudiandae id quo et id. Sint labore saepe deserunt harum laboriosam hic. Eum est voluptatibus reiciendis fugiat voluptatum. In quidem sunt qui eos recusandae eum consequatur ullam.\n\nFuga consectetur omnis rem reprehenderit nemo nihil. Provident distinctio minima aut fuga consequuntur laborum et. Aut et voluptatem molestias eos non enim ipsam. Aut voluptas voluptas ut excepturi.\n\nCulpa dicta est aut voluptatem sapiente omnis voluptatem velit. Libero sint ipsum sed eligendi magni est ut. Molestiae quisquam consequatur cupiditate.\n\nRerum aut aperiam quod minus asperiores pariatur unde suscipit. Sint aut ea libero enim et est laudantium. Voluptas sunt dolorum ut tenetur tempore dolor.\n\nQui nisi necessitatibus dolores. Autem natus adipisci accusantium aut praesentium. Impedit inventore quia vel doloribus rerum. Cum dolor reprehenderit qui qui voluptas autem tempora.\n\nQuo consectetur ipsam quasi libero cupiditate eum exercitationem. Nihil minima sit voluptatibus ut sint. Et voluptas ipsa in perspiciatis autem molestiae cumque id. Impedit consequatur et rerum nam alias modi sint.\n\nAlias ipsa fugit error harum rerum eveniet rem. Perspiciatis odit ab doloremque labore cupiditate. Aut assumenda mollitia voluptas voluptatem voluptates.\n\nMinus quod harum ipsa repellat. Dignissimos consequatur corrupti et et ea. Consequatur optio sint inventore ratione architecto.',0,'2024-01-09 09:15:42','2024-01-09 09:15:42'),(2,19,'https://via.placeholder.com/640x480.png/007755?text=nihil','Voluptatem saepe eos quia unde sint.','accusantium-aut-commodi-animi','Culpa possimus in ut labore. Doloremque eius molestiae aut excepturi quis quod blanditiis. Repudiandae et animi iste dignissimos doloremque est. Dicta consequatur repellat occaecati ducimus tempora.\n\nRerum nemo aut est omnis natus repellat. Accusantium odio vel sit qui repellendus quisquam. Omnis placeat et et et voluptatum et quo. Ut et accusamus rerum qui numquam distinctio.\n\nQuis cumque voluptas facilis fuga et enim. Dolores et consequatur voluptatem nihil rerum repudiandae esse qui. Facilis deserunt perspiciatis magni dolores quod nihil.\n\nAut tempore deserunt consequatur modi aut. Numquam ea aut vel repellendus odit. Laboriosam ullam dolorem illum quae consequatur rerum accusamus reiciendis. Dolores atque consequatur enim ut quasi libero.\n\nQuod enim dolorem reprehenderit quos autem. Voluptas assumenda cupiditate autem. Libero dolor maxime tempora odio aspernatur aliquid.\n\nDolorem eaque perferendis aut similique fuga cum. Voluptates sunt fugit est dolorem et et. Error neque quibusdam qui quos vel aliquid porro. Sed rerum dolore assumenda in.\n\nEnim dolores fugiat labore nam enim illo. Quasi delectus omnis reiciendis distinctio rerum sit omnis. Doloremque fugiat voluptates non. Dolorum consequatur et debitis aspernatur debitis labore occaecati nobis.\n\nAssumenda est sit voluptatem. Voluptatem et debitis consectetur necessitatibus soluta. Enim quo nesciunt eaque perspiciatis.\n\nConsequatur voluptates impedit fugit et eligendi consequatur. Cum minima debitis excepturi voluptas amet fugiat deleniti atque. Quis soluta id dolore amet voluptatem.\n\nUt culpa quia earum. Aut nam itaque quia provident. Laboriosam inventore voluptate qui sint similique.',0,'2023-12-23 01:39:20','2023-12-23 01:39:20'),(3,2,'https://via.placeholder.com/640x480.png/00aaaa?text=ipsam','Illum et doloribus laboriosam rerum at voluptates officiis.','a-atque-pariatur','Delectus voluptatem voluptas ratione consequatur id sit voluptatibus aspernatur. Nisi quasi commodi odio iusto occaecati. Sed maiores quis qui distinctio illo accusamus. Aut tempora nemo dolore id.\n\nIpsam quisquam reprehenderit saepe in voluptatem aut voluptatem. Nesciunt possimus necessitatibus est et voluptatibus quod sit voluptatum. Est a soluta qui et. Non molestias omnis consequatur ratione sunt doloremque.\n\nOmnis et praesentium iste. Facilis numquam ullam natus sed facilis consequuntur debitis qui. Delectus aliquam aut consequatur aut sint ut qui. Libero nulla voluptas inventore fuga consequatur quod.\n\nRepellat doloremque illum et sit et. Officia dolor non omnis fuga molestias quisquam. Labore tempora in natus sapiente. Dolorum ut alias quia facilis modi ratione.\n\nSed et nesciunt laborum provident ipsum. Et cupiditate dignissimos sed dolorum blanditiis.\n\nEt eum odio aperiam dignissimos voluptatem est quibusdam ex. Voluptates perspiciatis ab repellendus dolorem sit aut.\n\nQuia molestiae provident culpa ad animi qui dolor harum. Consectetur at perspiciatis a. Omnis labore neque voluptas odit. Optio ipsam consequatur saepe blanditiis dignissimos deleniti corporis harum.\n\nEt dicta quasi saepe voluptas ea. Et atque id in sunt. Quia nihil et pariatur aspernatur error quidem aliquam rerum.\n\nPossimus iste repellat quasi recusandae quia dolorem. Aut doloribus sit esse temporibus quo. Fuga consectetur atque eos sint consequatur. Provident vel dolores eum rerum et laudantium.\n\nAut delectus et ut et voluptate enim exercitationem. Qui saepe ex nulla eaque. Quia alias nihil quo autem explicabo et. Quo ut autem qui possimus iusto ullam odit. Numquam aut adipisci earum sapiente.',0,'2024-01-30 06:04:50','2024-01-30 06:04:50'),(4,5,'https://via.placeholder.com/640x480.png/000011?text=facere','Quod voluptatem et illum qui repellendus ipsum alias sed.','ab-eveniet-expedita','Tenetur temporibus repudiandae impedit et tempora laboriosam soluta tenetur. Veniam veniam omnis et quo unde. Necessitatibus libero quos possimus assumenda est nihil necessitatibus. Et minima voluptate est commodi.\n\nEt eum ab adipisci quia eaque fuga quod voluptatem. Eos veritatis totam eum eum. Cumque expedita saepe aliquid quam officia ut eos. Iusto perspiciatis suscipit fugiat vero.\n\nEveniet sed error enim debitis aut amet. Vel et voluptatem porro hic consequatur provident. Quaerat esse numquam laudantium magni tempora sit dolores. Consequatur voluptas perspiciatis qui aut.\n\nNon et dolorum dolor enim dignissimos maxime vel. Facere totam soluta qui quo nulla. Vel et porro et esse.\n\nDicta esse et vero reiciendis nulla et qui. In dolor qui nam facilis. Dolor doloribus ut voluptas rerum laboriosam.\n\nNatus modi tempore aperiam minus soluta. Illum aperiam exercitationem et et. In ipsam et voluptas omnis culpa molestiae quia.\n\nQuod voluptatem corporis itaque aut expedita. Quia cumque numquam corporis quod. Error ut dolorem esse atque voluptatem iste ut. Et eum quaerat minima sequi omnis.\n\nEt magni soluta iste et. Est qui necessitatibus qui id fugiat. Laudantium libero magnam error velit.\n\nLabore reiciendis maiores dolorum aperiam. Quis molestiae aliquam repudiandae recusandae itaque. Incidunt est vel quaerat sit libero quae harum. Aliquid ut eius sint molestiae pariatur.\n\nEt id similique unde natus amet animi omnis. Ut delectus laudantium temporibus qui quam magnam et. Quo inventore quia ut repudiandae. Est autem quod at iusto excepturi non.',0,'2023-12-25 11:53:23','2023-12-25 11:53:23'),(5,5,'https://via.placeholder.com/640x480.png/006666?text=tenetur','Sunt dolorum accusantium odit eius est repudiandae.','ad-qui-maiores','Animi eaque quo cupiditate qui ea. Sed sit ea eius non corrupti qui inventore. Beatae est suscipit voluptatum sed est.\n\nMaxime nihil repellat quia. Id repellendus repellendus perferendis quisquam sunt placeat. Nostrum sed dolorum ex vitae. Quod ad rem qui laborum neque dolore tempora.\n\nAperiam veritatis magni qui minima. Libero similique ipsum iste nihil eaque amet. Et suscipit est nemo sed nobis ipsa.\n\nAmet ad facere in deserunt consequatur quis aspernatur. Qui ex repellendus blanditiis reiciendis dolorem quia velit. Explicabo aut delectus voluptatibus adipisci consequatur. Occaecati dolor harum accusantium doloribus.\n\nId non tempore dolor sed delectus tempore et quod. Quis dolor quibusdam laudantium itaque explicabo officiis alias autem. Et ea quia ea sit.\n\nModi adipisci temporibus officia assumenda. Harum qui quod maiores sit laudantium cumque. Illum iure quibusdam culpa recusandae voluptatem omnis. Quia dignissimos ab asperiores culpa minima deserunt fugiat.\n\nUt consequatur vel impedit rem quaerat mollitia voluptas. Eligendi perferendis ut ut nobis. Eveniet eos sint impedit non qui quia repudiandae. Quia quasi enim laboriosam nihil rerum quia molestias. Harum ipsa tempore enim aperiam tenetur veritatis accusantium.\n\nSit nam magni quae illum sunt provident. Dolor laboriosam ad porro laudantium rerum blanditiis labore. Quae molestiae quia qui quae. Voluptas nostrum itaque eveniet libero ut quidem.\n\nIste doloribus doloremque quod exercitationem et nam earum eos. Fuga ut aliquam esse sapiente. Et itaque maxime pariatur fugiat nesciunt debitis sequi.\n\nEaque quam est suscipit vel nemo dolorum. In consequatur labore ea. Aut ut quod nisi a. Aut libero dolorum possimus tempora sed unde.',0,'2024-01-10 21:19:17','2024-01-10 21:19:17'),(6,6,'https://via.placeholder.com/640x480.png/004422?text=eum','Nihil error quibusdam ut possimus eos.','consequatur-magnam-consequatur','Eveniet id hic mollitia distinctio commodi qui et beatae. Expedita voluptates placeat consequatur quod similique. Amet numquam aspernatur libero accusamus ullam suscipit.\n\nUt officiis soluta ut facilis non aliquid. Voluptas sunt optio fugiat dolore. Eum quidem iure omnis corporis possimus.\n\nBeatae consequatur ipsum quas est voluptatem fuga quaerat. Laboriosam laboriosam laborum dolores officia. Sint vel quod enim vitae corrupti ut rerum. Dolorem iusto quod distinctio est consequatur.\n\nRerum quo nulla aut voluptatem hic eaque quia. Nisi nesciunt repellendus consequatur quis soluta consequatur. Recusandae voluptatem excepturi et autem omnis officiis. Inventore aperiam quos vel fugiat.\n\nProvident neque mollitia modi similique. Nihil deleniti ullam illo molestiae ut. Sed quia enim odit blanditiis officiis in.\n\nIure perferendis possimus cum quis totam quo. Laborum vel necessitatibus dolorum blanditiis. Tempora quidem suscipit soluta in quidem odio.\n\nSapiente et voluptatum optio commodi. Iusto repellat impedit voluptatem dignissimos odio eveniet. Voluptas quia qui sit error ratione nobis.\n\nOmnis suscipit rerum vel non culpa. Adipisci perferendis laudantium eveniet quis laudantium eligendi assumenda veniam. Atque blanditiis illo sunt dolores voluptatem. Dolores est consequatur quia est dolorum quibusdam ut.\n\nVelit quidem ut delectus laborum. Aperiam sed temporibus doloremque ipsum vel. Itaque earum rerum distinctio ut earum harum.\n\nMolestiae quis dolor in. Corporis est suscipit accusantium. Quia ex non expedita. Inventore asperiores officia esse eaque adipisci rem.',0,'2023-12-25 04:20:04','2023-12-25 04:20:04'),(7,7,'https://via.placeholder.com/640x480.png/0066aa?text=dolores','Dolorem consequatur quos sed aliquid.','qui-placeat-neque-aut','Laboriosam impedit quis non praesentium. Recusandae nulla aut voluptatem dolorem ipsum. Accusantium quibusdam perspiciatis illo cum consequuntur voluptates.\n\nVoluptas veritatis molestiae magnam harum vero. Et sunt quos voluptatem similique. Rerum odit sit tempore quia culpa. Ut sint voluptatum aut id ut nam et.\n\nAccusantium voluptatem veniam explicabo maxime consequuntur molestiae. Perferendis ad cum laboriosam autem expedita sint consequuntur. Voluptatum alias rerum ut hic dicta. Voluptatem ut excepturi nemo molestias fugiat veritatis sint. Earum aut laborum perferendis et voluptate aliquam.\n\nDignissimos ratione ex qui saepe dolorem eligendi. Et consequatur est tempore reprehenderit. Est ut harum quae facilis dolorem voluptatibus consequuntur.\n\nArchitecto vitae sit porro ducimus porro. At consequatur et necessitatibus aperiam sed voluptatem. Deleniti sed qui id explicabo quas. Id nemo excepturi qui blanditiis illo sed quibusdam quia.\n\nDeserunt optio et quis amet. Velit vel sint voluptas quia sed. Nisi id non adipisci optio voluptatem. Est inventore cum nihil porro blanditiis.\n\nAt sit alias eos ea. Expedita ratione non qui sed aspernatur. Libero error quaerat incidunt voluptas ullam dolore incidunt. Praesentium exercitationem voluptates possimus cumque.\n\nEos molestiae impedit laboriosam minus ut qui. Doloribus voluptas aut ex minima. Autem dolores ea ab voluptatem nisi cumque quis. Amet laborum sint et quia.\n\nRecusandae at aut dolorum distinctio non quasi fugiat. Dolorem tempore inventore tenetur beatae et. Praesentium nulla quia ad non ad.\n\nQuia qui rem recusandae velit quia. Autem dicta eveniet voluptatem corrupti voluptates consequatur. Ea qui et tempora nesciunt expedita possimus tenetur. Molestias quis beatae corrupti.',1,'2023-12-28 22:09:50','2023-12-28 22:09:50'),(8,3,'https://via.placeholder.com/640x480.png/00ffaa?text=perspiciatis','Sed ex illo et placeat.','quisquam-voluptatem','Laudantium fugit nam nesciunt temporibus repudiandae beatae rem. Molestias magni velit possimus. Minima labore voluptate consequatur est magnam. Natus voluptatem aperiam non aperiam. Temporibus minima et quas illo et molestiae ipsam quis.\n\nExplicabo et vel dicta ducimus autem ullam. Qui rerum voluptas neque ipsam aut dolore officia. Ab molestiae repellat aut velit quae aut exercitationem id.\n\nIn et id rerum provident. Libero eos odit ut dignissimos.\n\nSed aut ea qui nesciunt repellat vero. Exercitationem quo aut ab aut. Quos quae cupiditate velit totam culpa qui et.\n\nEt ab aspernatur quidem vero. Quas libero dolorem ducimus repudiandae sit reiciendis et mollitia. Sint temporibus ex ut quia ratione sed labore.\n\nSunt ea et est sint ut temporibus. Dignissimos recusandae dolorem ipsum qui. Molestiae pariatur quasi et dolorem.\n\nSint rerum nam aut repudiandae ea. Dignissimos et dolorum cupiditate consequatur quod nesciunt fugit. Quod ut autem ut. Consequatur consequatur est dignissimos ad sint. Dolores est ea praesentium sapiente aut libero.\n\nId maiores omnis tempora non voluptate doloribus eos nesciunt. Quis incidunt voluptas non esse non qui libero corporis. Vero quos aut itaque exercitationem eum aliquid qui. Dolorem occaecati consequuntur accusamus libero ut consequuntur.\n\nAssumenda numquam deleniti omnis et facilis itaque odio. Accusamus maxime quis eligendi odit fugiat iste libero. Est doloremque aut rem totam aut dolor. Ea non tempore ea quisquam.\n\nQuae mollitia sunt sunt officiis cupiditate asperiores deserunt. Laudantium ut labore asperiores exercitationem ipsa. Quia quo nam sunt laudantium ipsa eius et. Sit quasi sunt consectetur porro tempora blanditiis enim.',0,'2024-01-01 09:54:47','2024-01-01 09:54:47'),(9,16,'https://via.placeholder.com/640x480.png/000033?text=nihil','Rerum est dolorem accusantium culpa id id.','accusantium-molestias-laudantium-eveniet','Perspiciatis iure ea placeat sapiente ea et. Ipsam quia a sit nisi quas dolores aut. Placeat architecto in atque dolorem aspernatur dicta repellendus. Reprehenderit accusantium ea sint facere dolor.\n\nAut quasi suscipit blanditiis eveniet excepturi. Perferendis beatae culpa assumenda. Tempore molestias voluptas aut corrupti.\n\nMollitia aut blanditiis voluptatibus provident quis inventore nihil. Provident cum eum possimus rerum aut delectus expedita et. Optio natus voluptatibus quasi non delectus at est. Aperiam nisi quidem alias est consequuntur voluptatibus est rem.\n\nEarum a ullam dolor odit unde officiis optio. Nobis pariatur enim nihil cumque accusantium nihil quasi. Voluptatem ipsam delectus eveniet quisquam voluptatem rem dignissimos.\n\nNulla occaecati rerum sit quis earum commodi molestias. Quos rem perspiciatis qui quisquam ut. Non harum itaque facilis nobis aliquid error consequatur. Voluptates voluptatem est et molestiae nihil.\n\nRepellat molestiae voluptatem ut iusto voluptates. Porro repellat earum a aut maxime.\n\nExercitationem eos odio iusto voluptas dolores illum. Eum consequatur omnis qui ut qui. Impedit voluptatem voluptatum sunt aut assumenda autem.\n\nVeniam dolor quas quis soluta. Aut voluptas distinctio placeat id et. Occaecati quia voluptatum officia consectetur tempore exercitationem. Vel quia eligendi ut ex aut. At vel quidem delectus voluptatibus dolorum.\n\nIn cumque impedit libero neque rerum. Ea ipsam vel quo est.\n\nQuis saepe officia reiciendis molestias blanditiis suscipit voluptas. Laborum quia aperiam consequatur temporibus qui cum ex. Laboriosam optio velit esse inventore autem. Debitis corrupti et necessitatibus eveniet possimus voluptatem a.',0,'2024-01-21 18:13:42','2024-01-21 18:13:42'),(10,4,'https://via.placeholder.com/640x480.png/0022ff?text=aut','Nobis adipisci quae nulla est.','aut-vel-suscipit-nihil','Culpa consequatur odit perspiciatis velit sequi. Rem similique non ipsam aspernatur atque doloribus. Itaque sequi odio vitae unde.\n\nSed est non molestias ab ipsa natus id. Natus maiores ut cumque tempora autem. Aut quam dolorum sint. Tempore necessitatibus et inventore.\n\nVoluptatem qui amet quia voluptas libero non ipsa. Fugit nam expedita voluptas. Aut voluptatibus harum expedita architecto assumenda nisi. In qui qui iure assumenda.\n\nMinus aut iure quam doloribus exercitationem odit magnam deserunt. Amet distinctio possimus quia enim. Odit eveniet aliquam sit explicabo cum sunt.\n\nNobis vero voluptatibus in in itaque et culpa. Nisi quis et eius laborum excepturi aut officiis ea. Provident mollitia ut earum quae veniam autem.\n\nOfficiis provident temporibus vitae eum maiores. Nesciunt saepe laborum aut voluptatibus possimus. Earum est illum non. Illo corrupti autem vero neque consectetur vero aperiam vitae.\n\nDolorum neque facere natus voluptatum numquam debitis in. Natus praesentium sint facilis est. Quia repellendus quam omnis vel nemo assumenda eos quo. Aut voluptatibus voluptatem ea deserunt. Quae et officiis ut vitae.\n\nUnde eaque et quidem. Optio velit optio molestiae cupiditate. Voluptatibus cumque esse voluptatem. Sunt velit sint beatae aut. Sit autem illo rem minus architecto sint minus.\n\nEx sit est magni accusantium ab maiores nostrum doloremque. Harum aliquam delectus repellat omnis. Corrupti odit nisi enim molestias.\n\nEos quia sequi ipsa. Et facere sunt delectus reiciendis officia tempore molestias. Accusantium itaque ipsam quo.',0,'2024-01-17 20:25:44','2024-01-17 20:25:44'),(11,18,'https://via.placeholder.com/640x480.png/008899?text=voluptate','Explicabo id minus et dolores.','tenetur-officia-cupiditate-fugit','Iusto eum doloremque dolores consequatur ut inventore fugiat. Non voluptas expedita aut explicabo earum. Dolores officiis possimus dolor maxime qui. Et explicabo et distinctio praesentium.\n\nEius esse quia quas ea sint. Voluptatibus sed non sunt sit tempora aspernatur voluptatem. Qui sit omnis voluptatem expedita. Illo facere aliquam sed nisi. Totam sunt quia laudantium suscipit atque voluptas cumque aperiam.\n\nSed eos quia sunt libero dolorum qui. Nemo perferendis enim magni ratione tempore. Ratione culpa maxime quae sit est sint aspernatur. Est eos magni ipsa necessitatibus alias. Voluptatem est in et nemo.\n\nFacilis minus consectetur placeat animi. Aliquid placeat ea est cum. Suscipit molestiae ad aliquam voluptas aut. Non possimus unde provident reiciendis minus nisi.\n\nIllo a sequi unde perspiciatis sed. Ab magnam non aut facere sit. Qui labore quisquam soluta occaecati.\n\nExcepturi inventore mollitia tempore sequi. Quis repellendus rem quis molestiae aperiam blanditiis dolorem. Unde at ut laboriosam rerum quam quo.\n\nNemo rerum doloribus odio ab iste enim suscipit. Aut illo est quia repellat ut laboriosam cupiditate. Nihil omnis distinctio quas earum quibusdam ab ut.\n\nDeleniti est nisi animi rerum ratione animi facilis. Porro quaerat corporis ea nesciunt quis dolorem consequatur quibusdam. Ipsam ea odit consectetur sunt sed.\n\nReiciendis saepe est excepturi et et magni. Illo unde non veniam excepturi ea magnam dolorem.\n\nVeniam est rerum incidunt earum aut. Ut saepe voluptate consequatur. Optio quisquam voluptatum eligendi excepturi.',1,'2023-12-30 11:45:31','2023-12-30 11:45:31'),(12,20,'https://via.placeholder.com/640x480.png/00ee88?text=adipisci','A aut sunt id ipsa necessitatibus eos est.','aut-dolorem-doloremque','Laudantium magnam commodi dolor magnam in rerum. In eius assumenda voluptatum nam quod quia. Fugit enim ipsa laudantium aperiam sed. Facilis sed tempore quod mollitia perspiciatis omnis hic.\n\nUt beatae optio voluptatem ipsa dolor sit et. Placeat qui laudantium vel ut. Voluptas inventore voluptas cupiditate doloribus. Mollitia qui iusto aut aut.\n\nEst voluptate quis fuga id. Ipsam et neque exercitationem sit est aliquid. Quis corporis aut labore. Autem atque nisi maiores atque facilis aliquam rerum. Nostrum quasi ipsa est et qui beatae dicta provident.\n\nUt eos eos voluptatem doloribus. Vitae quas earum eligendi excepturi consequatur eius. Nesciunt quia in quo consequatur et at necessitatibus quibusdam.\n\nOdio quae fuga dolore possimus hic. Debitis reiciendis quaerat ipsum esse et et.\n\nConsequatur magni impedit totam voluptates voluptatum nemo libero. Consequatur eos sint doloremque veritatis quibusdam iusto. Occaecati quis quia dignissimos non dolor velit perferendis mollitia.\n\nConsectetur officiis neque dolor tempora amet sapiente quia architecto. Amet aliquam officiis aspernatur adipisci sint voluptatibus consequuntur. Facere et rerum debitis ipsa eveniet dolores et. Est et praesentium in.\n\nNon velit totam quis id dicta quod et. Perferendis praesentium aut voluptas earum impedit nostrum. Et et quis ipsum.\n\nTenetur minus omnis repellat. Voluptatem recusandae officia et ducimus adipisci. Fugiat voluptatum ratione est libero cum culpa maxime. Maiores non nesciunt commodi eum perspiciatis amet qui ducimus.\n\nVeniam sequi necessitatibus totam. Aliquid quia consequatur repudiandae impedit est impedit. Rem facere esse repellat facere quidem officia fuga. Neque quas ut autem quasi.',0,'2024-01-23 02:56:28','2024-01-23 02:56:28'),(13,13,'https://via.placeholder.com/640x480.png/002211?text=nostrum','Delectus occaecati quod itaque non eum.','commodi-quia-odit-sed','Voluptate et sed sit provident quas porro. Non qui quod deserunt. Accusantium nostrum qui eos ut excepturi possimus labore.\n\nArchitecto magnam a exercitationem reiciendis. Quia sint corrupti autem quia soluta. Similique occaecati eos ullam a ab rerum sapiente.\n\nDolorum qui qui aliquam alias perferendis quis. Iste et molestiae cum rerum blanditiis eum non. Ea quisquam voluptas iure natus.\n\nEt ut ea et nulla. Quidem mollitia dolores sint velit est. Necessitatibus fugiat provident repudiandae quia aut quam.\n\nUnde occaecati sit voluptas quaerat facilis. Consequatur odio itaque quasi eius. Quibusdam ab consequatur atque accusantium voluptatem qui asperiores odit. Deserunt asperiores dolorem consequuntur nisi.\n\nNihil sint maiores nam quod. Porro praesentium voluptatum sed deserunt praesentium. Nostrum labore qui dolores eveniet sunt nostrum sed.\n\nAspernatur sed minus facilis error ad in. Suscipit occaecati quos a debitis fugit. Laborum accusamus iusto et omnis voluptatum sit. Delectus harum iure voluptatem eum ut est dolorem.\n\nQui aliquid aut consequatur rem quasi. Quidem assumenda quia et illum dolorum. Amet blanditiis aut esse veritatis optio rerum consequatur. Qui nihil consequatur rerum voluptatum consequatur expedita optio.\n\nDistinctio odit soluta maiores quaerat eum. Consequatur mollitia vitae odio exercitationem. Quasi nobis eum alias accusantium laboriosam id autem.\n\nDoloremque et dolores ut. Fugiat perspiciatis maxime facilis ab molestiae quasi. Omnis explicabo eum placeat tempore est.',0,'2024-01-13 19:09:10','2024-01-13 19:09:10'),(14,3,'https://via.placeholder.com/640x480.png/005533?text=libero','Ut soluta est quae et architecto reiciendis ratione.','qui-quis-dignissimos-impedit','Laudantium ducimus sit accusamus rerum qui. Ullam labore vero corrupti fugiat inventore aspernatur. Officia vel ullam veritatis aut sint dolore illum. Ad ratione quod quo incidunt qui.\n\nSimilique consequatur libero qui iste quasi distinctio quaerat. Eum qui similique blanditiis molestias omnis vitae magni. Quo reprehenderit ullam aliquid a. Aliquid beatae est temporibus iure quae dicta esse.\n\nSuscipit esse hic eveniet eaque. Hic qui eius doloremque possimus eos quam. Et perferendis dolores corporis incidunt non facilis beatae. Rem earum quibusdam est id et sit repellendus recusandae.\n\nFacere reiciendis ea non laborum consequatur. Nobis laudantium tempore tempora et dolor est velit. Esse qui esse qui. Voluptatem culpa mollitia aut voluptatem.\n\nSint porro quia est ab doloribus ipsa. Sed quia voluptas id voluptas voluptatem eveniet modi. Molestias eum voluptas quis inventore necessitatibus et.\n\nEt quas qui cum ut esse culpa aliquam. Ex ea qui qui laboriosam est excepturi voluptas. Ut provident beatae libero exercitationem corrupti. Qui voluptate quaerat itaque possimus.\n\nEt est beatae accusamus voluptatem ratione laboriosam ut. Possimus culpa unde soluta. Atque dolore et hic at enim illum. Sed non id esse aperiam voluptatibus id et.\n\nQuisquam nihil aut cumque reiciendis fuga corporis. Veritatis nihil molestias voluptatibus voluptatem quia ut. Molestiae veniam itaque et aliquid et earum.\n\nArchitecto in velit sit. Recusandae quae officiis eligendi maiores at eum odit. Magnam quaerat ex aut repellendus eos voluptatibus quidem. Eligendi unde natus ut rerum.\n\nQuae dolore possimus eaque aut sed labore ut ut. Iusto qui voluptatibus provident repellat repellat. Et inventore et laboriosam vel. Quod quo quod consequuntur quaerat culpa harum.',0,'2024-02-01 05:10:13','2024-02-01 05:10:13'),(15,10,'https://via.placeholder.com/640x480.png/0011bb?text=similique','Sint ea deserunt molestiae sed.','repellendus-expedita-beatae','Sit distinctio explicabo repellendus cupiditate nihil veniam ut. Ducimus tempore delectus est sunt sed eos. Fuga fugiat quia aut repellat. Expedita eveniet aut dolor.\n\nRatione occaecati sit maiores aut rerum tempora numquam. Qui error dolor aspernatur iste dolorum debitis occaecati. Mollitia libero officiis inventore temporibus saepe.\n\nOmnis odit soluta officiis. Fugit quibusdam fugit ut sequi et. Placeat excepturi fugiat ex laudantium eos.\n\nDucimus magni eum ipsam quasi sequi dicta. Dicta deleniti ratione ipsa natus iure expedita qui. Atque nesciunt error minus harum rerum quo dicta.\n\nIusto earum et consequatur corrupti labore cum. Sed placeat veritatis ipsum fugit laborum. Aut magni autem voluptate voluptas sed magni. Modi dolorum provident pariatur non.\n\nDignissimos dolorum facere et et asperiores aliquam quibusdam. Sit veritatis sint et sed nobis. Dolores id ea atque dolores sed reiciendis.\n\nNatus error ea vero illum reprehenderit rem. Enim perspiciatis qui voluptatem totam deserunt et. Sint officia illo sed excepturi.\n\nOmnis tempore ad nostrum quos. Veritatis tempora excepturi non neque quo laborum. Nemo ut dicta vero necessitatibus voluptate.\n\nPerferendis eos in ut qui est. Commodi ratione sed voluptates commodi. Vitae debitis nulla quam impedit. Nobis libero nisi velit dignissimos sunt qui. Ipsum aliquid enim autem rerum voluptate voluptatem.\n\nRem et beatae suscipit esse aliquam recusandae doloremque in. Nam aperiam voluptatibus eos odio quos quaerat. Non quo quo earum exercitationem dicta.',0,'2023-12-05 23:43:27','2023-12-05 23:43:27'),(16,14,'https://via.placeholder.com/640x480.png/00ee22?text=aliquam','Modi qui ut voluptatum amet harum sed ad.','et-facilis-labore-sapiente','Soluta atque quis quia beatae. Facilis eum provident numquam aspernatur qui dolor asperiores. Vero nam ipsum tempora eos.\n\nUt non provident architecto et. Recusandae ea omnis quia excepturi. Dolorem atque consequatur quisquam qui at beatae. Beatae sint officia eum animi ad voluptatem tempore.\n\nNesciunt officia et ex voluptatibus. Quisquam sequi et perferendis velit. Ut aliquam sint eum rerum ipsa nobis ab.\n\nOmnis culpa molestiae iste voluptatem facere dolorem est. Et eius debitis odit qui ut voluptas maxime. Libero rem voluptatum deserunt illo quis. Ullam consectetur laboriosam ut sit quo. Omnis optio est aut dolorem illum.\n\nEum qui quia minus ad molestiae animi nobis. Officia corrupti dolorem enim dolorem cupiditate ad sit. Officiis voluptatum accusamus officia quo animi sapiente rerum. Dolor repellat non repellendus. Voluptatem repellat magnam sit voluptas facilis est aperiam laudantium.\n\nIste rerum aut quisquam et enim et corporis. Voluptatibus et nulla amet error eius sit nostrum. Quis sed aut unde. Deserunt inventore quos voluptas voluptate voluptas asperiores qui.\n\nExplicabo beatae non ullam vel occaecati. Repellendus odio unde velit quibusdam. Assumenda aliquid inventore repudiandae aliquam dicta perspiciatis est.\n\nEx laudantium enim nihil ducimus. Molestiae impedit eos dolores ab vitae tempore. Et et qui et nemo deserunt. Neque hic molestiae dignissimos et.\n\nIpsa suscipit veniam sed voluptates. Incidunt doloremque exercitationem mollitia minima enim tempora minus. Ut corrupti ut et dolor iste qui officiis.\n\nDolor non expedita exercitationem at qui animi debitis. Deleniti ipsam amet velit totam. Quisquam consequatur iusto beatae assumenda voluptatem laborum. Minima et omnis libero aperiam aliquam aut praesentium nihil.',0,'2024-01-05 23:45:19','2024-01-05 23:45:19'),(17,20,'https://via.placeholder.com/640x480.png/0088cc?text=cupiditate','Veniam soluta et explicabo sint.','repudiandae-non-dolor','Expedita culpa molestias aut temporibus ut optio. Tenetur eos animi quidem et. Eaque porro dignissimos consequatur laudantium nostrum. Odio magnam neque consequuntur vel quidem iure ad illo.\n\nFacilis aspernatur voluptatum amet commodi molestiae. Consequatur perspiciatis vero animi quasi. A veniam sint qui corrupti laudantium aperiam eos. Aliquid nemo rerum quaerat id id eveniet velit.\n\nAnimi quis corporis saepe dolor cupiditate. Autem blanditiis delectus eaque vel. Et qui temporibus soluta ratione nihil.\n\nVoluptatem eos quos ullam quidem. Officia voluptate atque id vel eligendi atque repudiandae. Facere et natus mollitia aut vel aut et.\n\nPorro sunt non accusamus molestias iure mollitia fugit. Magnam vel temporibus ut labore autem. Nam ut laudantium rerum itaque.\n\nEum dolores doloribus non enim. Recusandae perferendis sit perspiciatis ipsam aut aut.\n\nQuam praesentium id excepturi omnis laudantium voluptatibus. Rerum laboriosam ut ut quo in aut adipisci ipsa.\n\nNam expedita architecto eveniet saepe omnis corporis. Id et nemo adipisci est neque. Aliquam et iure aspernatur aut est velit.\n\nIste aut quia est iure rerum a dolore. Tenetur molestias reiciendis quaerat et eum ea possimus. Atque in accusamus reiciendis.\n\nOfficia porro quis ex enim. Consequatur excepturi nemo eaque commodi ea repellat at ut. Et aut nisi debitis hic qui vel reiciendis. Mollitia saepe alias assumenda vel pariatur laboriosam.',0,'2024-01-09 09:14:30','2024-01-09 09:14:30'),(18,4,'https://via.placeholder.com/640x480.png/002255?text=magni','Autem sunt ipsum ea laboriosam dolor dolores.','explicabo-accusantium','Est consectetur et voluptatum praesentium. Odit est dignissimos eum architecto et enim ut dolore. Iste adipisci quae illum perspiciatis enim alias iusto voluptatem. Animi sit autem dolorum qui non.\n\nDolorum qui magnam dignissimos ipsam corporis esse eius aut. Sit cum consectetur odio qui. Ullam voluptate aut iusto consectetur temporibus consequuntur repellat sequi.\n\nDolorum quod non eum tempora. Libero nobis odio doloribus dolorem est eaque.\n\nOfficia nam voluptate omnis dolorem. Facere voluptas amet sequi ad repellendus quis harum. Et autem exercitationem et.\n\nIn sunt ipsa ut sit est doloribus excepturi. Et optio veritatis debitis cum ea ipsum. Facere dolor omnis quo repudiandae ut. Iste molestiae ad aliquid et non quia ipsam.\n\nFugiat non temporibus autem. In aut enim facilis facere quidem est minus. Aut repellendus in soluta quia. Praesentium nemo quibusdam voluptatem ea atque aut unde.\n\nVoluptatem praesentium numquam voluptas consequuntur voluptatem sed nobis. Error est iure placeat excepturi consequatur.\n\nEst magnam dolorem et quasi optio aut. Aut exercitationem nulla itaque molestiae eos architecto consequuntur. Deleniti occaecati corporis voluptate blanditiis aut aut dolorem. Id et officia est aspernatur est rerum magnam.\n\nDoloremque enim quod officiis accusantium quos ad. Modi illo dicta ut soluta. Necessitatibus cumque quia est molestiae. Omnis vel velit sed ut.\n\nAnimi nisi quisquam dolorum alias voluptate. Labore sapiente minima tempore ab occaecati. Ex minus quia nesciunt saepe nulla eos. Rerum nemo sint nobis voluptatem optio eius eaque.',0,'2024-01-29 05:34:57','2024-01-29 05:34:57'),(19,19,'https://via.placeholder.com/640x480.png/002288?text=aut','Sapiente et impedit ut praesentium omnis optio vel.','voluptas-porro-nobis','Ipsa nisi aperiam qui alias quia expedita est quis. Incidunt architecto iste tempora quasi libero enim qui officiis. Et nulla ab molestiae explicabo sint culpa explicabo. Inventore culpa necessitatibus quisquam quia id.\n\nVel sit sequi officiis suscipit totam. Sequi consequatur ipsa aspernatur officiis ipsum. Vel rerum quo quis velit esse libero.\n\nRatione sint non laborum quas omnis. Nulla aut libero quae voluptatem. Ut enim quod voluptatum quis quia nobis voluptatem et. Molestias sit ipsa ea ea explicabo et. Architecto eius fugit aspernatur ducimus.\n\nNon qui dignissimos provident beatae in. Qui ratione cum molestiae deserunt odio maxime ullam. Consequatur explicabo molestias temporibus ex et. Ut quis sint ex pariatur non quidem exercitationem vel.\n\nLaudantium vitae nesciunt consectetur illo. Cupiditate quis vitae quia tempore veritatis nemo est aut. Enim reiciendis distinctio blanditiis sit neque voluptatem qui harum. Unde nemo non in repellat.\n\nVoluptatem repellendus iure magnam assumenda sit qui ut. Quaerat est porro sunt a sit eos. Quis deleniti rerum architecto. Harum repellat totam dicta ipsa ut cupiditate.\n\nQuasi deleniti quasi esse nesciunt non. Ad rerum assumenda cumque fuga alias. Eius et perferendis repellendus minus. Enim reiciendis nostrum dolor iure earum mollitia perspiciatis.\n\nIusto voluptatum magni minus enim. Culpa quisquam veniam nisi sed fugit ea.\n\nEligendi consequuntur odit qui quod dolores et assumenda. Totam labore odit eius doloremque voluptatem sed id. Laudantium voluptatum quasi dolorem nostrum enim. Facilis reprehenderit excepturi amet aut. Aut magnam illum quos provident dolore molestias.\n\nFuga temporibus eaque dolorem possimus nulla nesciunt. Quo repudiandae dicta occaecati ab inventore vero id. Asperiores iusto corporis in qui aliquam dolore asperiores dolore.',0,'2024-01-23 14:10:56','2024-01-23 14:10:56'),(20,3,'https://via.placeholder.com/640x480.png/00aa66?text=quas','Molestiae et aut quis sapiente est non voluptatibus.','dicta-sed-laboriosam','Sunt voluptatem accusantium possimus quia optio dolorem fuga. Et ab et in ut voluptatum ab. Facere id ratione cumque beatae vel.\n\nTenetur voluptates quam et qui occaecati animi et illo. Est in ipsa optio non ea. Culpa et ea ratione iste. Temporibus ducimus ut sint enim sint sunt. Doloremque vel corporis quis provident reiciendis quia.\n\nDolorem porro cum ducimus qui. Ut voluptas iusto alias. Voluptates sunt dolor sit sint sed quo est. Aliquam dolore rerum et aspernatur quos a quo.\n\nMagni modi fugit temporibus quia. Debitis in quae error amet.\n\nIure et nobis eaque enim. Culpa voluptas id dolore doloremque. Veniam tempora et earum veritatis.\n\nVoluptas deserunt labore eligendi nihil nulla maiores voluptatem. Autem consequatur dolorum molestias vel quaerat. Provident alias quam dolore occaecati.\n\nQuis a aut et qui vero provident. Optio quia vel dolore et et. Dignissimos architecto eum sapiente id.\n\nVeritatis necessitatibus dolor impedit pariatur laboriosam provident. Temporibus minima porro in vitae iste nam qui iusto. Nemo sed est qui ut sunt nesciunt exercitationem.\n\nMagnam corrupti esse dolorem sed in accusamus veniam consequuntur. Rerum reprehenderit nemo eligendi ratione quod nemo est. Quisquam nam sed mollitia debitis explicabo fugiat.\n\nVoluptate neque nihil earum placeat voluptatem vitae. Dignissimos impedit aut occaecati cupiditate voluptatem. Nihil dicta odit minima incidunt amet et.',0,'2023-12-10 04:08:40','2023-12-10 04:08:40'),(21,10,'https://via.placeholder.com/640x480.png/00bbee?text=sit','Itaque at ut natus voluptate sequi.','vel-blanditiis','Tempora hic incidunt at aut vitae. Quis ipsam qui et possimus praesentium similique eum. Asperiores ratione in voluptatem magnam nobis inventore.\n\nRem quis porro inventore aut amet aut quos adipisci. Ad excepturi et nobis pariatur. Laboriosam commodi expedita eum qui voluptatem. Asperiores quis error corporis non.\n\nSit vitae dicta qui quos. Sunt veniam numquam iste enim et in perspiciatis. Rerum et non molestias eveniet dolor.\n\nDebitis optio nam temporibus architecto dicta dignissimos voluptatem cupiditate. Aut tempore voluptas voluptatem sed. Id ut voluptas enim itaque necessitatibus qui.\n\nNemo inventore accusantium aut quae. Quas est qui quibusdam praesentium et. Quo voluptatibus qui earum eligendi qui ab. Et ab itaque fuga ad.\n\nAt dignissimos nemo maxime iste voluptas magnam. Aut quas minima et aut. Optio non quis doloremque officiis illo debitis. Laborum sit iusto nemo repudiandae ut dolorem ea sed.\n\nMagni autem enim non modi. Sequi quia commodi et. At qui rem eos dicta enim nihil at. Ad ducimus ea repellat.\n\nIpsa omnis praesentium fugiat sed dolorem. Ipsa reprehenderit non iure dicta aut sed et dolores. Unde dolore hic rerum.\n\nEveniet laboriosam nemo unde dignissimos aliquid asperiores. Consectetur aut maxime saepe odit non. Vel vitae eos eos fugiat dolor illum adipisci.\n\nAperiam nisi ratione itaque nesciunt quo ut. Aut reprehenderit totam ut at. Tempora architecto maxime laboriosam itaque assumenda dolores. Excepturi facere nihil impedit sint.',0,'2024-02-05 22:38:39','2024-02-05 22:38:39'),(22,17,'https://via.placeholder.com/640x480.png/00cc55?text=quae','Molestiae aspernatur minus laudantium ab rerum eos.','iusto-suscipit-ut','Nisi aut quisquam eum enim quas dolore. Laboriosam deserunt ducimus ut quisquam. Voluptate autem est magnam consectetur.\n\nQuia perspiciatis nam et. Necessitatibus quia et officia rerum nam. Non minus id ut. Qui a porro temporibus sed.\n\nQui eos voluptatem vitae asperiores velit. Aut aut reiciendis nostrum illo non accusantium perferendis. Possimus minus et non non ratione. At eum sunt porro et aut.\n\nA sapiente quidem blanditiis qui voluptatibus eveniet sit non. Sapiente est deserunt suscipit labore error mollitia accusantium. Laborum labore modi autem error odit hic perferendis. Sint vero fugiat dolor sed nulla doloremque ea.\n\nNihil maiores nam aliquid non. Totam et perferendis pariatur rerum ex eius. Laudantium aut deserunt ut totam dolor. Ut aut beatae et corporis cum non eaque.\n\nSimilique numquam illo esse earum architecto maxime tenetur. Autem numquam et ex. Repellendus eos et non minus a nemo debitis. Tempore et voluptas dolore non iste.\n\nIure nesciunt animi nihil laboriosam omnis dolore ex. Velit reiciendis sit voluptatum. Illo velit ut placeat qui.\n\nEos sit ut sequi eligendi. Numquam enim totam et minus beatae ad. Dolor voluptatibus et fuga in aspernatur commodi qui accusantium. Qui quis voluptate perferendis quidem.\n\nSed dicta optio maiores. Enim dolore inventore mollitia dolores.\n\nQuidem aut unde est repudiandae et quaerat. Culpa est qui iusto eos aut earum vero. Corrupti officiis dolor qui ipsum. Aut explicabo sint facere est.',0,'2023-12-30 03:17:51','2023-12-30 03:17:51'),(23,10,'https://via.placeholder.com/640x480.png/00dd88?text=est','Repellat repellat officiis aut cupiditate.','quia-tenetur-quia','Reiciendis sunt voluptatibus blanditiis nihil. Suscipit qui incidunt ut eius consequatur. Autem est illum nesciunt distinctio sunt libero.\n\nLaboriosam sit ut repudiandae. Distinctio facere occaecati reiciendis dolores quaerat est et repudiandae. Ut accusamus voluptates aliquam dignissimos minima sapiente veniam. Occaecati dolore debitis dicta ratione.\n\nSed eum architecto dolorem numquam voluptatibus. Mollitia qui molestiae quaerat harum corporis qui. Maiores quia ullam in ut. Consequatur vitae molestiae quaerat nihil quasi esse ratione.\n\nUt nam fugiat dolores vero blanditiis aliquid eius eligendi. Qui eaque ut aut aut voluptates excepturi nemo. Voluptatum et rerum et in dolorem. Tenetur enim facilis omnis qui velit eaque.\n\nFacere laborum ratione in sed. Voluptates ea odit omnis neque. Veritatis sequi dolor ex corporis voluptate ipsa atque totam. Sit quas doloremque eos.\n\nUt voluptas quia earum dolores quas natus et. Dignissimos et blanditiis eveniet nisi voluptatem. Architecto ipsum delectus animi molestiae molestiae eos. Odio nihil perferendis qui rem.\n\nPraesentium qui nostrum voluptas et hic. Eum consectetur enim ducimus sed quia vel. Tenetur quas laboriosam magnam rem odit alias autem asperiores. Vel delectus aliquam dolore nihil eligendi debitis nihil.\n\nOmnis dolor nam fugiat quia. Et doloribus eaque totam facere dolorem tempore.\n\nSed molestiae ullam omnis rem consequatur. Illum fuga est quia sit aut rem. Libero adipisci magnam mollitia occaecati.\n\nExcepturi quisquam nam magni velit et corporis consequuntur doloribus. Ducimus autem sit quisquam reprehenderit. Aut inventore saepe placeat labore nisi velit debitis. Odio neque voluptatem sint qui ut.',0,'2024-01-16 13:06:46','2024-01-16 13:06:46'),(24,8,'https://via.placeholder.com/640x480.png/000088?text=aperiam','Culpa eos non et iusto.','vitae-officia-culpa-voluptatem','Repellendus cumque ea et et tempore unde. Perspiciatis recusandae enim occaecati possimus veritatis. Incidunt reprehenderit et consectetur saepe dicta. Corporis id natus delectus quos.\n\nMolestiae nam minus possimus optio assumenda commodi. Numquam in non ut eos. Unde velit animi sit velit natus. Sit aut commodi dolorum laborum eveniet maiores aut.\n\nQuas omnis sed accusamus temporibus voluptas et. Debitis hic error et facilis. Nisi voluptatibus minus et et.\n\nEt incidunt ipsam vel qui sed. Nihil dolorem iusto quibusdam dolorem. Iure ut cum distinctio adipisci. Eos quia iusto nulla.\n\nDeserunt ea impedit iusto corporis nihil cum. Est dolor at veniam voluptas sunt doloremque est quia. Quaerat ut et optio vel nostrum. Ratione eum facere distinctio consequatur adipisci. Ipsa eos dolores sit fugit fugit dignissimos quaerat.\n\nNeque quam sit nostrum. Aut omnis dolore vel culpa omnis voluptatibus nobis. Eum ut vel ipsam est ex quo asperiores.\n\nError voluptatem sed beatae. Tempora non dolore nulla qui optio. Dolores harum aliquid qui quia qui ipsa nostrum deleniti.\n\nLibero nobis voluptatem et culpa est voluptatem et omnis. Saepe molestiae odio ut aut. Doloribus est nihil aut ab. Illo sint earum expedita.\n\nTenetur dignissimos soluta et itaque nam eaque. Cupiditate omnis doloremque quis voluptates delectus doloribus enim et. Doloribus consequatur et porro in incidunt.\n\nHic quia expedita dolore sit. Consequatur omnis esse voluptatum quis. Similique rerum vero eum. Magnam et eligendi aut et est.',0,'2023-12-28 09:29:04','2023-12-28 09:29:04'),(25,16,'https://via.placeholder.com/640x480.png/0022bb?text=optio','Blanditiis sapiente doloremque dicta nihil blanditiis illum.','enim-quo-odit-est','Porro maxime delectus ea laudantium doloribus vitae sed. Et reiciendis sunt rerum corrupti asperiores.\n\nConsequuntur et ut aut amet ad excepturi et eligendi. Sequi ut asperiores velit tenetur. Voluptatum iusto aliquid voluptate quia vitae dolor.\n\nEt quae deleniti autem dicta quis incidunt optio quia. Voluptas ut quis unde reiciendis exercitationem laborum. Quas nam id nemo a soluta amet quibusdam sed.\n\nFugit repellat quia iure quibusdam dolorem delectus voluptatum. Illo rerum fugiat facilis molestiae rerum. Ipsum excepturi quia doloremque voluptatem commodi. Quam dicta impedit est expedita.\n\nPlaceat aliquid quia distinctio illum perferendis sint. At rerum alias culpa recusandae optio voluptatibus. Sed ipsam distinctio nihil aut porro vel deleniti. Provident tempore molestiae ipsa.\n\nEt sint ducimus iusto cumque rerum est provident. Explicabo voluptatem quia labore ut placeat quis optio. Facilis sint sit eaque consequuntur dolorem est. Voluptatum officia distinctio dolores optio pariatur. Ut beatae odio nulla qui.\n\nOptio deserunt eum adipisci odit tempore voluptatum ut. Nemo magnam quos voluptas rem. Incidunt aut sed quidem enim.\n\nFacilis aut ullam omnis impedit voluptatem. Cum laboriosam repudiandae qui magnam tempora suscipit est. Earum unde nemo facere natus animi veniam deleniti.\n\nFugiat repellat aut ab odit fuga. Ab fuga sed consequatur officiis perferendis sapiente. Qui eum non autem.\n\nQui harum in dolore quos non inventore. Nostrum ipsum in autem culpa. Quo blanditiis est in in labore dolorem. Voluptates et quaerat quae.',0,'2023-12-18 15:12:49','2023-12-18 15:12:49'),(26,15,'https://via.placeholder.com/640x480.png/00ffbb?text=at','In perferendis atque laboriosam quo est.','rem-dolor-quaerat','Aperiam molestias consectetur ipsam laborum eligendi. Perspiciatis sint exercitationem autem numquam modi. Vitae quis eius qui aspernatur quas adipisci enim corporis.\n\nIllo laboriosam laudantium iure et nisi in. Quia et quia pariatur illum labore quos. Nam voluptatem voluptatem maiores et. Ea reiciendis aut quidem adipisci.\n\nOmnis libero at omnis. Aut totam et culpa aut. Quia eum alias veritatis soluta commodi et. Sunt aut placeat ut tempora.\n\nOptio veritatis dolorem quidem saepe tenetur unde. Omnis nihil libero quia rem ut non libero. Corporis ipsum aliquid et et unde est repellat.\n\nAutem totam ut ut alias ea praesentium. Sed et ut facere iusto. Aperiam in laudantium dolor laborum. Asperiores quia aut nemo sit quibusdam nulla. Enim adipisci natus magnam placeat voluptatibus adipisci.\n\nCumque quaerat ea aut cupiditate rerum autem consequatur repudiandae. Et amet tempore accusamus quis sed. Architecto in eveniet autem ullam. Suscipit occaecati consectetur sed aliquam.\n\nOdio dolores blanditiis et sit fugiat consequatur incidunt. Quo magni quis quia quidem molestiae amet. Commodi in necessitatibus distinctio expedita nam molestiae impedit. In aliquam et excepturi doloribus cumque ducimus.\n\nQui doloremque aut et laudantium est. Dolore eos non dolores sunt eaque officiis repellendus est. Modi cum aut et qui veritatis illum.\n\nDebitis consectetur dolorem rerum commodi. Ea a vel exercitationem quis minima sit voluptates.\n\nMaiores eius necessitatibus qui quibusdam sint assumenda. Dolores voluptate cupiditate dolores enim cumque consectetur. Vel animi magni id eligendi.',0,'2024-02-05 04:44:35','2024-02-05 04:44:35'),(27,14,'https://via.placeholder.com/640x480.png/00eeee?text=sit','Soluta maiores similique et ex.','aliquid-eveniet','Eius corporis non et ut numquam. Velit reprehenderit fugit sit quasi est. Sapiente odio maiores qui.\n\nEnim velit nisi praesentium iure sunt officiis repellat. Fugit suscipit et dignissimos id officiis incidunt. Eligendi quas adipisci laborum eaque similique.\n\nMagnam velit voluptas in aliquid molestiae. Praesentium asperiores occaecati nisi nostrum voluptatem et asperiores optio. Blanditiis omnis eum sunt rem est.\n\nReprehenderit a sit similique occaecati perferendis eum. Dolor laudantium quas rerum. Voluptatem et repellendus minus nihil ullam blanditiis.\n\nBeatae deserunt hic et odio nesciunt. Inventore enim quia sit expedita repellat. Maxime voluptates totam enim voluptatum possimus dolore delectus. Ipsum aut ex voluptas modi et iusto.\n\nDicta et similique dignissimos qui ab. Eos dolorum sit quo molestias. Et ipsa quae repellat et impedit non harum.\n\nCommodi dolore et quia illo necessitatibus consectetur eos nihil. Voluptate voluptatum quos et incidunt eaque minima quod. Id reiciendis quia praesentium impedit iste. Corrupti aut consequatur dicta.\n\nProvident excepturi est rerum corporis quia tenetur ipsa. Dolor non quisquam sed modi laborum deleniti impedit. Provident similique omnis repellat corporis. Et tempore est maxime quia veritatis fugiat ducimus.\n\nRecusandae voluptates quidem provident reiciendis quis eaque exercitationem aut. Sit et recusandae eius commodi est qui. Explicabo qui nobis nobis.\n\nCumque quasi quae maiores et nulla consequatur. Nulla et quo nemo voluptas enim vel placeat. Velit ratione quis unde ut. Dignissimos ex quo exercitationem qui.',0,'2024-02-12 05:01:11','2024-02-12 05:01:11'),(28,5,'https://via.placeholder.com/640x480.png/00bb66?text=qui','Voluptas ea provident aut quos molestiae.','perferendis-eveniet-consequatur','Doloremque laboriosam sit alias dolor illo et sint. Sit deleniti saepe iure deleniti sit nostrum voluptatem. Id totam dolore voluptate.\n\nEos et aliquid voluptatibus sunt repudiandae at et. Explicabo sit dolore facilis aut ut quia. Suscipit maiores odit eveniet ab voluptates dolores tempora eum. Sequi architecto doloribus explicabo.\n\nDucimus sit vel quia rerum rerum. Et qui quidem omnis autem. Autem voluptatem facilis voluptas debitis perferendis fugit aut.\n\nModi suscipit omnis consectetur repellat ad. Aut est ad dolores eius. Reiciendis soluta animi aperiam ullam deserunt inventore delectus. Et sunt atque et non.\n\nTempore beatae qui officiis pariatur magnam eius temporibus. Odio quasi aut veritatis culpa doloribus aliquid asperiores. Sunt consequuntur qui vero.\n\nIpsum sit culpa non est adipisci quia. Molestiae ut perspiciatis nihil et totam dicta vitae. Nesciunt ad quam consequatur aliquid omnis consequuntur.\n\nOccaecati est aliquid aliquam dolores minus beatae id. Veniam eos omnis quo dolorem quidem ad.\n\nNulla praesentium est autem sunt repellat assumenda voluptate. Iste dolor atque voluptas consequatur molestiae. Commodi enim magnam nemo id non laudantium.\n\nConsequatur id dolor et perferendis qui nihil sed. Deleniti modi rerum natus voluptatum aut blanditiis dolore delectus. Unde sit harum debitis placeat sit sequi occaecati qui. Culpa minima perspiciatis ut qui suscipit.\n\nAccusamus distinctio cupiditate quos. Quis optio sunt soluta officiis alias. Praesentium quia quis in ipsam praesentium.',0,'2023-12-29 19:33:45','2023-12-29 19:33:45'),(29,12,'https://via.placeholder.com/640x480.png/007788?text=expedita','Et exercitationem impedit sint sed autem ea rerum.','illum-voluptates-sit-est','Omnis maiores est repudiandae ut cumque. Numquam maiores saepe natus dolores. Ut eveniet consequuntur aperiam consequatur. Eum et eum veniam quia repellendus voluptatem qui.\n\nAt sint aut quam deserunt esse. Ratione a molestiae voluptas quis fuga non non.\n\nSimilique excepturi corrupti voluptatibus nihil. Molestiae perferendis dolor quibusdam ea cumque nulla. Amet sint culpa nihil modi nihil dolor. Iste amet ut sint nostrum iure laboriosam.\n\nSequi vel at magnam quidem eaque. Ducimus nam pariatur dolores ullam sapiente. Cumque vitae voluptas repudiandae minus soluta adipisci aut.\n\nQuas velit tempora impedit saepe minima dignissimos. Id architecto esse dolores vero laudantium mollitia quidem. Facere rerum laborum voluptas amet. Ducimus rerum incidunt totam quo et doloribus possimus.\n\nQuae quod minima fugit culpa. Est ducimus quia odio voluptas ab autem.\n\nVelit maxime blanditiis earum cupiditate. Accusantium voluptates pariatur pariatur id. Sed sequi recusandae voluptate sit qui. Molestias quia iure cum iure dolorum.\n\nUt hic at pariatur ipsa est. Reprehenderit et possimus expedita perferendis. Nobis est dolorem autem eos error repellendus.\n\nOdit quis accusantium sit debitis voluptas quod. Commodi et ut magni dolorem voluptates. Est doloribus ratione aliquam sint qui minima ducimus.\n\nEt optio praesentium ut ea nihil magnam non. A neque quas optio voluptas mollitia. Voluptatum qui magni qui vel sapiente optio itaque.',0,'2023-12-15 20:19:09','2023-12-15 20:19:09'),(30,3,'https://via.placeholder.com/640x480.png/00ff44?text=sequi','Ea ratione nihil magnam voluptas consequuntur esse.','ut-dolor-quo-est','Sit numquam enim aut placeat. Facere velit architecto amet rerum beatae sed quam quibusdam. Id eum dicta optio excepturi natus.\n\nAut ab ex accusantium laboriosam. Voluptas accusantium adipisci autem itaque adipisci.\n\nConsequuntur excepturi repellendus porro delectus. Cupiditate debitis eum eligendi. Ipsa qui dolores ad ut. Expedita sed quod autem ad iusto soluta.\n\nNihil aut cupiditate ex qui. Eos rerum doloribus est molestiae modi. Id incidunt odit aperiam consequuntur. Deserunt architecto quaerat minus.\n\nTotam ut et voluptatem reprehenderit quidem dolorum velit minima. Voluptatem ad voluptas temporibus distinctio cum pariatur. Pariatur debitis exercitationem placeat nulla dolores.\n\nNisi vel doloribus dolores aut excepturi libero beatae. Ratione occaecati maiores mollitia amet explicabo cumque doloremque. Sequi dolores est quia debitis. Eveniet optio in nobis est veniam error. Tempore quos non facere et consequatur.\n\nVel quos explicabo et voluptatem et. Consequuntur corporis nulla odio sit reprehenderit. Dolores distinctio eius id porro maxime.\n\nEt est recusandae est blanditiis vel deleniti. Provident repudiandae quia dicta sit rerum. Voluptatem minus sed incidunt quam non in natus.\n\nTempore delectus aut aspernatur ex ut et. Magni odit est corporis quae ex quas. Eos eligendi consequatur et qui. Eos qui recusandae facere officiis eos qui dolorem. Autem dolorem voluptas officia vero et nesciunt.\n\nMagni eum magnam iure voluptas aut quia exercitationem corrupti. Accusamus nemo mollitia temporibus. Doloribus libero consequatur aut alias quibusdam non vel. Animi labore alias nihil distinctio doloribus.',0,'2023-12-15 15:42:44','2023-12-15 15:42:44'),(31,8,'https://via.placeholder.com/640x480.png/006611?text=reiciendis','Minima odio similique dolores porro.','rem-doloremque-accusantium-aut','Quia unde aut voluptates voluptatem illo assumenda est ea. Reiciendis quis aut fugiat inventore ullam ea. Sunt sequi quia aperiam.\n\nNon porro animi distinctio dignissimos perferendis architecto. Suscipit ut iste sed libero et commodi. Dolores sed voluptas quod voluptatum. Quia et accusamus occaecati deserunt sunt laudantium.\n\nQuia quia voluptatum nostrum ut. Aut vel blanditiis laboriosam aut. Accusamus est dolor ducimus magni deserunt doloremque. Sunt repellat aut sit non.\n\nVeritatis quam eveniet voluptas expedita sit qui. Dolor voluptatem optio minus dolorum sunt. Ut fuga et reprehenderit. Amet facere voluptatem nemo vel dolor. Ipsum qui eos nam aspernatur.\n\nCommodi illum dolores quo tenetur. Aliquid possimus laboriosam mollitia aliquam et.\n\nEligendi non neque vel iusto. Possimus error in necessitatibus nihil. Laudantium inventore ipsum nostrum velit.\n\nUt at quam tenetur error. Doloremque optio et et est eveniet et vel. Est in corrupti explicabo ut sit sequi dolorem. Odio ut eos in animi qui culpa.\n\nEx laboriosam hic eos id. Cumque vel qui ipsa aut. Officia dolorem eum qui iste quia laudantium. Laborum praesentium repellat quia et magni consequuntur.\n\nMolestiae quo occaecati at mollitia. Voluptas autem harum voluptate. Aut sed doloremque quia quo minima.\n\nDeleniti magni quaerat eum necessitatibus consequatur vel aut. In asperiores dignissimos consequatur odio. Animi in excepturi omnis sunt quis est et. Possimus unde aut et sed.',0,'2024-01-14 10:06:04','2024-01-14 10:06:04'),(32,10,'https://via.placeholder.com/640x480.png/002288?text=voluptas','Quae occaecati qui non quia ea.','aliquam-nostrum-mollitia','Recusandae autem dignissimos commodi totam explicabo dolores. Quia rerum aperiam vel accusamus. Architecto at repudiandae occaecati.\n\nOfficia labore voluptatem quos. Molestiae cum tempora libero omnis delectus.\n\nDolorem a veritatis non nulla maxime unde. Quo modi voluptatem error quas eos eos. Nisi aut omnis labore voluptas voluptatem incidunt sint.\n\nUt veritatis vel quia qui recusandae. Quia quos voluptatem sunt eligendi aliquam aspernatur fugiat. Aut facere sed alias facere et voluptatibus qui.\n\nProvident harum aspernatur placeat aperiam sequi deserunt ipsum. Magnam cum possimus unde optio perferendis et. Consequatur quo et sed nam et tenetur dolorem est.\n\nAut autem sapiente inventore. Sequi modi dolor ut ut id animi quas. Ipsa molestiae eligendi quisquam id iure. Vel nisi omnis illo quo doloribus laboriosam qui quo.\n\nVoluptate ut doloribus earum et et voluptatum quia rerum. Cumque molestiae soluta minus quo sed earum. Mollitia tenetur eligendi fugiat et ut. Nemo excepturi corporis sint recusandae reiciendis dignissimos rerum. Ea et unde ipsa non.\n\nRerum aut ut sit dolor eum exercitationem. Harum earum maiores quod sit rem. Quas quidem similique ex nulla. Nam beatae magni quia cupiditate deserunt iusto quod.\n\nAutem est voluptas quo ab. Eos ex sit quia hic quia. Doloremque sint voluptatem ratione aut enim maxime in. Cumque quae atque harum fuga iusto harum.\n\nNecessitatibus blanditiis doloribus ut et iure expedita dolor. Id debitis sit nihil voluptatem qui praesentium consectetur. Dicta minus velit omnis error est dolore.',0,'2024-01-01 05:37:35','2024-01-01 05:37:35'),(33,2,'https://via.placeholder.com/640x480.png/00cc22?text=sunt','Nulla maiores qui doloribus neque perferendis labore adipisci.','enim-qui','Nihil iusto impedit aliquid et aliquam est. Totam a provident doloribus et autem quidem. Culpa ut natus dolore temporibus voluptas. Facere sint omnis veniam.\n\nAspernatur dolorum id qui sapiente. Eaque sunt dignissimos laudantium aspernatur sit perspiciatis. Aut rerum enim voluptatibus praesentium. Sint ea voluptatem blanditiis.\n\nRerum eum dolor voluptatum excepturi ea quam magnam. Officiis et facere reiciendis soluta. Qui mollitia mollitia voluptas nemo illo. Qui soluta sit dolores illum adipisci dignissimos.\n\nQui ut et aperiam odio unde libero nihil. Aspernatur et minus illo quia. Repudiandae assumenda eius excepturi officiis aut.\n\nDicta officiis qui incidunt vero vero voluptates. Dolore sit voluptas ipsum nisi sed rerum quam. Voluptas cumque impedit quaerat quas autem quia. Id incidunt ullam molestiae exercitationem perferendis hic voluptates perferendis.\n\nQuis similique dicta eos fugiat. Rerum perferendis officia sit rerum eos. Possimus sit accusamus dolores debitis. Omnis quam amet necessitatibus voluptas quia quod. Quo enim voluptatibus ab culpa sed.\n\nUt vero porro et qui. Sint quia perferendis maxime nemo. Voluptas eos ut minus sint. Qui et recusandae reiciendis reprehenderit iste.\n\nEt magni a laborum blanditiis. Ipsam facere consequatur aliquam et voluptas aut ut. Sed vero perferendis in nemo commodi vel neque. Ipsa totam a laboriosam natus beatae consequatur quisquam.\n\nNam illum et error. Delectus occaecati non architecto. Ea omnis sed modi quis. Facilis molestias amet in eum.\n\nNisi fugiat non et consequuntur vero. Nihil consequuntur placeat fuga id optio ut. Voluptatem eos est et magni dignissimos non in dolor. Eligendi illo aut dolor veniam. Eligendi iusto alias dolorem totam aperiam.',1,'2024-01-11 02:21:21','2024-01-11 02:21:21'),(34,4,'https://via.placeholder.com/640x480.png/00aaaa?text=facere','Dolores repudiandae non saepe.','nihil-perferendis-sit','Voluptatum fugiat cupiditate error. Sequi omnis voluptas et. Necessitatibus dicta voluptatum sint at laborum sed eius.\n\nAd voluptatum ratione dolor ducimus eum. Assumenda consectetur ut quas mollitia quae voluptatem. Aliquam illum repudiandae tempora voluptatem quis. Aut maxime ut nesciunt omnis dolores accusantium.\n\nOdit neque voluptates omnis repellendus nesciunt qui laborum. Omnis ex facere ut. Voluptatibus labore totam molestiae laboriosam.\n\nEt qui quia dignissimos dignissimos veritatis sunt. Commodi voluptate laborum voluptates et non. Earum id quasi quidem ex. Consequuntur ducimus quis neque enim rem.\n\nQuia quod et aut non harum suscipit adipisci. Sed provident non nemo minima. Pariatur est similique tenetur et inventore quisquam maxime dolore. Nemo sint nemo id autem aut.\n\nEnim tenetur porro est maiores provident autem unde. Exercitationem voluptates ex modi qui illo. Facilis consequuntur at pariatur nulla quae. Molestiae impedit voluptas eius qui deleniti voluptatem voluptatibus.\n\nQuam est autem sit asperiores ipsam soluta nobis. Qui similique voluptatem et aut dolorum. Cumque cupiditate earum rerum iusto.\n\nNon ut et sit quod qui non laborum. Laboriosam et asperiores animi rem eius rerum. Ipsum inventore voluptate fugiat quia dolor ullam voluptas iste.\n\nLabore numquam non et enim molestias omnis ut omnis. Similique sint impedit neque sit. Vitae corporis eum dolor sed optio vero alias sed.\n\nIpsa consequatur mollitia vel dolorem minus sed voluptatem ut. Dolor voluptate commodi minus et quia enim. Consequatur accusamus nihil consequatur magnam.',0,'2024-02-09 00:46:41','2024-02-09 00:46:41'),(35,12,'https://via.placeholder.com/640x480.png/006600?text=et','Aut occaecati dolores magnam autem commodi nihil.','sint-earum-ea','Et molestiae odio ipsa sapiente vitae ut consequatur. Molestiae sapiente dolores tempora atque asperiores atque non. Qui aperiam aliquid ipsam nobis totam minus repudiandae enim. Molestiae ipsam dolorem et nihil commodi quis sint.\n\nVitae quos possimus est est possimus ut et. Qui ipsam in illo iste maiores eligendi tempora. Distinctio dolor et molestias totam dolor consequuntur. Enim minus voluptatum architecto explicabo pariatur.\n\nUt harum nisi nemo assumenda. Nisi ex doloribus adipisci dignissimos debitis. Autem recusandae explicabo dolorum quo ut. Doloribus illo rerum commodi dignissimos.\n\nEst eum ipsa laudantium quaerat ut aut. Expedita explicabo eveniet aliquam dolore. Rerum aut non aut animi.\n\nA nobis omnis aspernatur. Assumenda laboriosam fugiat eaque. Aut velit eligendi expedita corrupti rerum odio. Ipsam sed excepturi voluptatem id aspernatur magnam minus.\n\nEt incidunt veritatis eos et omnis error. Inventore vero saepe est laborum ad. Quidem omnis amet illo molestiae fugit dolore et.\n\nSunt dicta totam qui voluptas. Repudiandae non quam sed dicta nihil maxime consectetur saepe.\n\nNeque mollitia quam provident consequuntur sed. Vero quam ut quo. Ut autem voluptatem culpa autem impedit et dolores. Velit dignissimos vero officiis qui sunt neque.\n\nVel aliquid dolorem voluptas inventore. Facere aliquid occaecati dicta. Voluptas sit et asperiores alias harum cupiditate. Dolorem hic qui at consequatur.\n\nVelit et fuga exercitationem velit voluptatum. Eveniet eos mollitia asperiores ut debitis. Molestiae sed quia amet sit quaerat. Nostrum voluptatem aliquid est eum eum omnis est.',0,'2024-01-22 04:03:14','2024-01-22 04:03:14'),(36,17,'https://via.placeholder.com/640x480.png/00ddbb?text=ipsum','Tenetur et similique voluptas facilis aut totam dolores.','quas-exercitationem-ut-dolor','Deserunt est omnis magnam est. Quod doloribus ut et commodi ipsa quo. Aut in debitis beatae porro.\n\nSunt porro omnis a ducimus. Earum quibusdam illo rerum exercitationem quia. Corrupti corporis dolor eaque dolorem eum. Necessitatibus eaque amet sint enim praesentium et soluta.\n\nEarum a a earum aut eaque. Consequatur nesciunt tempora minima omnis quidem. Blanditiis amet laudantium similique doloribus libero. Quasi blanditiis animi et commodi.\n\nDolore qui itaque ut sapiente quo vel in. Est qui facere perspiciatis autem accusamus dolorem ut. Quia vero nulla non quis.\n\nDignissimos et eligendi maiores aut. Aut harum placeat sit iusto voluptatem iusto. In nemo corrupti fuga est voluptatem quos id. Doloremque et assumenda rem molestiae. Aut vel enim cupiditate voluptatibus facere aut.\n\nUt minus et ut officia minima et architecto. Nisi ad quia voluptate laboriosam unde architecto deleniti. Neque quia incidunt similique omnis qui.\n\nAut aliquam eos est consequatur laborum mollitia. Corrupti magnam laborum similique voluptatem qui consequatur. Eos dolor numquam eveniet sit.\n\nEum dolorem ratione non culpa. Temporibus aut ad odio iste libero ut magnam vitae. Praesentium sit voluptatem doloribus perspiciatis illum.\n\nIn qui sequi placeat quia et. Tempore animi perferendis ad dolor temporibus sint placeat nemo. Error eius tempore consectetur aut aut.\n\nQuos alias quis optio ipsum sequi consequuntur. Sequi aliquam qui ad neque autem repellendus. Quisquam voluptate est autem voluptatem.',0,'2024-01-09 11:22:09','2024-01-09 11:22:09'),(37,10,'https://via.placeholder.com/640x480.png/001188?text=iusto','Ex fuga deleniti cumque atque officiis.','quam-autem-voluptas','Et fuga doloremque sint. Reiciendis saepe odio perspiciatis culpa. Sint qui molestias dolorem cupiditate. Est tenetur alias dolores rerum qui enim dicta. Repellat molestiae adipisci facilis maxime.\n\nPossimus consectetur nisi nostrum assumenda magni quia. Natus repellat quis assumenda nostrum. Consequatur consequuntur et debitis earum reprehenderit nulla soluta.\n\nUt qui aut itaque perspiciatis quibusdam. Magni aut odio atque consequuntur qui. Adipisci voluptas numquam nemo quia doloribus cumque fugit esse.\n\nRerum tempore perferendis voluptas. Aut quasi non fuga architecto sint illo. Repellendus corrupti velit quasi.\n\nDoloremque consequuntur rerum et quam porro placeat amet. Quidem corporis beatae neque qui unde.\n\nDolor in quis repudiandae dicta illum. Earum aspernatur perferendis et voluptatem incidunt iusto et quo. Fugit quo quo aperiam atque nisi ex. Eligendi voluptatem non reprehenderit molestiae.\n\nAliquid sint eaque esse quaerat et distinctio. Dolor dolor tempore rerum qui sint.\n\nAd nesciunt voluptatem soluta. Ex sed tempora sit sed odio placeat quibusdam. Quod reiciendis id sit ipsa.\n\nAtque qui exercitationem molestiae. Inventore voluptate veritatis sit provident. Dolores sit consectetur tenetur sed delectus enim.\n\nDeleniti laboriosam voluptatem provident nam doloremque et sit. Adipisci dignissimos temporibus quas at. Commodi autem quae accusamus adipisci. Reiciendis rerum pariatur laborum dolores sapiente reprehenderit minima.',0,'2023-12-12 10:32:12','2023-12-12 10:32:12'),(38,14,'https://via.placeholder.com/640x480.png/00bbdd?text=voluptatum','Cum asperiores nesciunt ipsum velit.','sed-vel-dolorem-veniam','Maiores quam nihil omnis et pariatur amet. Eius harum molestiae a nihil consequatur natus corporis. Voluptatum dolorem ut ea odio voluptatibus.\n\nQuisquam omnis cum aliquam qui. Magnam commodi veritatis quos laborum modi dolorem. Alias quis et tempora quaerat occaecati. Molestiae ipsa quo eaque.\n\nEum dolorem magnam aliquam omnis et consequatur quam. Nostrum natus enim facilis. Dicta quidem qui nihil distinctio. Deserunt est labore et velit aut soluta deleniti.\n\nCupiditate praesentium impedit et qui ut in. Et nulla cum culpa libero. Mollitia cum ratione excepturi iusto maxime quia.\n\nAccusantium ea voluptatibus at dolor laboriosam nisi. Molestiae sit reprehenderit omnis qui ullam. Qui corporis maxime sed asperiores quibusdam.\n\nQui nobis amet error quo ullam. Assumenda repudiandae at cumque suscipit. Aliquam quam hic quam ut hic voluptates. Rerum rerum eos labore iure.\n\nFuga minima dolorum iste cupiditate consequuntur aut. Odio voluptatibus corrupti aut nam soluta porro.\n\nDoloribus soluta tempore est dolorem facilis illum expedita. Et accusamus sit sit placeat aut est.\n\nSint inventore dolor rerum nisi occaecati repellat deleniti ullam. Et consequatur laudantium expedita perferendis reprehenderit incidunt accusantium. Odit officiis maiores nam fugit. Ut autem odio distinctio.\n\nEt quia perferendis doloribus a. Rerum sunt quod nostrum voluptas commodi qui ratione.',0,'2024-01-17 23:35:55','2024-01-17 23:35:55'),(39,3,'https://via.placeholder.com/640x480.png/0055bb?text=nam','Rerum est perferendis incidunt nihil doloremque sapiente esse.','expedita-rerum-inventore-sed','Quos ut doloremque quo et veniam beatae. Modi mollitia aut pariatur. Beatae fugiat velit et aliquid qui. Iure dignissimos voluptas dignissimos vero.\n\nVoluptatem minus dolorem aut omnis quasi corrupti ipsa. Illum doloremque cumque maiores laboriosam quis nihil enim. Eligendi id numquam sed perferendis quo voluptatem possimus. Qui qui dolor molestias sint magni reiciendis.\n\nMagnam dicta et esse. Quis dicta aut sed numquam eos animi. Sapiente sequi velit in et delectus quod.\n\nId quos dolor totam voluptas eius nobis officiis. Eum natus architecto consequatur officia.\n\nEius aliquam fugiat corporis recusandae dolorem ipsam. Sit voluptatibus ipsum perferendis nulla at iusto. A aut perspiciatis quos cumque error sit tenetur.\n\nNeque ea est atque voluptatem aut. Possimus non debitis nobis adipisci enim quia incidunt neque. Doloribus sed natus itaque corrupti corporis quae non.\n\nImpedit a dolores excepturi corrupti quibusdam culpa vel. Quo ea nam ut quos et est aut voluptatum. Beatae explicabo blanditiis qui rem ut.\n\nExcepturi at mollitia quia ut voluptatem similique. Quia aut eum culpa nam tempore. Iure eos sit voluptate repellat sed modi molestias. Minima voluptatibus iste corporis.\n\nQui possimus sint nihil perferendis officiis. Ut quasi quidem voluptatibus aut fugit eos. Vel ducimus est aut nam ut. Odio officiis odit sit omnis error id.\n\nEst voluptas enim architecto provident. Est unde placeat natus nihil. Vel autem autem voluptate non. Eum quis laborum ducimus dicta et aliquid.',0,'2023-12-21 20:41:30','2023-12-21 20:41:30'),(40,16,'https://via.placeholder.com/640x480.png/005544?text=dolores','Et debitis qui qui aut.','quasi-non','Voluptas reprehenderit dolorem distinctio sunt. Explicabo et ex qui praesentium minima vel. Perspiciatis aut eum atque saepe et.\n\nEt incidunt ipsum sed numquam. Et rerum molestiae velit dolore vitae eum et in. Consequatur veniam incidunt voluptatibus adipisci quos aut.\n\nFugit tempore nam qui dolores. Omnis aperiam neque rerum culpa. Voluptatem et non ducimus aperiam.\n\nAspernatur cum repellendus possimus adipisci porro impedit. Explicabo quibusdam perferendis alias voluptas neque. Quia dolorem officia repellendus quia et eum adipisci.\n\nSint libero exercitationem temporibus rerum nisi at quo. Sed est a consequuntur ipsa. Cupiditate enim nesciunt quae iure at fuga.\n\nVoluptas quisquam deserunt quia facere atque. Impedit est quos esse et distinctio. Magni qui pariatur aut soluta. Eligendi facilis corporis necessitatibus placeat.\n\nFacilis non exercitationem earum. Perspiciatis natus et et quo.\n\nNihil sunt hic ipsam voluptatum et velit. Exercitationem suscipit consectetur eveniet voluptatem veritatis esse. Error excepturi aut et eum autem est illo. Ipsa aut at quis voluptatem dignissimos.\n\nQuia quo sit itaque omnis laboriosam. Est occaecati mollitia eos a nobis enim sunt consequatur. Id earum deserunt cupiditate dolores possimus. Perferendis eius rerum quibusdam nihil.\n\nExcepturi qui atque iste reiciendis amet. Omnis ratione ullam est sed doloribus voluptas consectetur. Quae dolorem saepe inventore aut vel.',0,'2024-01-25 09:36:00','2024-01-25 09:36:00'),(41,17,'https://via.placeholder.com/640x480.png/0044dd?text=ut','Aperiam fugit est accusamus ut officia nam ullam.','omnis-laboriosam-soluta','Temporibus voluptatem delectus eum labore. Ut sed cupiditate laboriosam. Reiciendis animi minus et quia in. Quo eaque est et officia.\n\nIste molestiae consequuntur inventore rerum earum consequatur quas consequatur. Ad omnis beatae voluptatibus facilis enim ut aut. Voluptas deserunt natus alias sit laboriosam fuga. Quis consequatur amet magnam.\n\nConsequatur tempore qui sint natus consectetur facere a. Repellendus tempore nihil autem. Dolores consequuntur expedita iure officia et impedit debitis. Deserunt reiciendis quibusdam nihil voluptate totam similique nobis.\n\nQui assumenda quo ipsum aut asperiores aut. Esse aut voluptatem mollitia asperiores.\n\nSoluta et veniam consequatur nostrum rerum magni aut. Qui porro sequi consequatur aut officia. Et quisquam reiciendis eveniet beatae. At sint aut voluptatem vel quis assumenda.\n\nEnim ex aliquam expedita a nihil enim explicabo. Similique tenetur autem odit incidunt quos illo tempore. Et sit ratione et soluta quo hic et est.\n\nQuia vel neque sit architecto. Sequi modi animi ut fuga. Fugit tempora tenetur sunt ab illo non. Quas sit nam consequatur et exercitationem.\n\nSapiente voluptatem rem beatae odit eaque non rerum dolores. Doloremque doloremque nihil ut suscipit nobis. Nulla recusandae voluptas qui dolorum.\n\nQuibusdam iure non doloribus. Quaerat maxime nihil omnis praesentium corrupti. Tenetur totam nisi eos non dolorem. Eveniet in iure corporis fugit voluptas et.\n\nQui quia adipisci sequi voluptatem aut facere. Sunt perferendis rem id assumenda et. Quibusdam libero quae aut eos sunt. Ut sunt unde quia voluptatibus.',0,'2023-12-10 20:12:03','2023-12-10 20:12:03'),(42,7,'https://via.placeholder.com/640x480.png/0033aa?text=aliquam','Eius et quidem quo aperiam expedita consequuntur voluptate.','quam-at-praesentium','Est eum eligendi illum occaecati accusamus quia vero veniam. Doloribus illo voluptates itaque sapiente laborum. Eos ducimus quia qui qui vero ullam quaerat nemo. Voluptatem cumque ea alias similique ut.\n\nRepellat molestiae voluptatem et. Ut voluptas est optio modi. Sed harum unde velit est. Iure iusto velit animi eaque officia adipisci aut. Qui architecto blanditiis aut consequatur quis tenetur eum.\n\nEt tempora ipsa vel. Sed voluptas dolores et veniam. Sunt fuga neque minus consequuntur numquam. In eum sint aut dolorum.\n\nMinima consequatur quo nisi consequatur explicabo fugit. Qui sequi aut at consectetur esse. Voluptatem tempore ad ab. Esse facilis ratione a. Et accusantium ratione hic consequuntur asperiores ullam.\n\nSuscipit deleniti exercitationem recusandae est. Rerum ipsa ut aut id quas. Odit fuga eaque nam animi.\n\nDoloremque sequi sit non placeat fugiat voluptatem. Qui aliquam odit beatae adipisci. Vitae aperiam est sunt et minus doloremque.\n\nIste animi voluptatem qui sunt voluptate suscipit sint exercitationem. Qui in et excepturi. Assumenda assumenda inventore eligendi blanditiis. Beatae rem minus odio.\n\nEt illum soluta aliquam maiores. Reiciendis possimus recusandae iure iure aut. Reiciendis possimus aperiam culpa et ad velit quis. Beatae voluptatem quibusdam dolores odio eos est.\n\nExpedita explicabo ratione dolore amet occaecati eligendi magni. Eaque dolorum molestiae qui dolore consequatur sit. Numquam doloribus sint eveniet. Facilis aut debitis ratione rem beatae.\n\nItaque voluptatem quam quo quam a molestiae laboriosam. In doloremque architecto error sed veritatis. Voluptatem qui labore veniam laborum. Cumque vel vel maiores minima suscipit nesciunt suscipit mollitia.',0,'2023-12-17 16:36:42','2023-12-17 16:36:42'),(43,10,'https://via.placeholder.com/640x480.png/0000aa?text=doloremque','Officiis unde perspiciatis et et praesentium corporis.','quia-assumenda','Consequuntur adipisci modi consequatur modi. Voluptas ea aut unde iure. Voluptatibus est dolorum dolore sunt explicabo omnis facere. Eos blanditiis quis voluptatibus quia esse tempora quae.\n\nConsequatur et quia et et ut laudantium voluptas ad. Exercitationem quis eius qui neque magni.\n\nVoluptatum id nisi dolor excepturi. Odit maxime cupiditate rem magni deleniti consequatur. Voluptatem et consequatur maxime voluptas dolores. Nam sunt voluptas est ut aut.\n\nExplicabo eum rerum debitis omnis beatae laudantium aut explicabo. Cum dolores rerum ratione voluptatem recusandae eos dolore. Est mollitia error corrupti blanditiis eos a numquam.\n\nRepellat provident vero repellat enim velit vitae optio. Natus qui consequatur dolores delectus non. Eligendi voluptas fuga omnis. Expedita voluptas dolores corrupti occaecati illum.\n\nHic amet voluptas porro. Eum non fuga neque et ipsam fugiat velit. Dicta ut amet autem fugit sit magnam. Et consequatur temporibus quod dolore fugiat.\n\nUt architecto error et corporis saepe veniam. Dignissimos non accusamus repellendus voluptas. Blanditiis corrupti nihil odit nihil vitae. Saepe rem ex modi necessitatibus expedita.\n\nRepellat nihil ut facilis totam. Minima in et voluptate voluptas occaecati cumque ipsa et. Qui ut quos vero itaque.\n\nQuia minus similique reiciendis voluptatem cumque nostrum. Consequatur distinctio qui et voluptas quia harum. Modi quia mollitia et omnis dolor dolorem est. Harum tempora iusto inventore accusantium facilis.\n\nQuos nihil amet in dolor voluptates odio itaque. Maiores et esse sunt adipisci cumque dignissimos tenetur. Et recusandae quibusdam ab.',0,'2023-12-09 15:22:41','2023-12-09 15:22:41'),(44,4,'https://via.placeholder.com/640x480.png/0033aa?text=non','Delectus possimus dignissimos cupiditate unde.','et-consectetur-aspernatur-sed','Ullam aut doloremque et. Optio tempore assumenda totam eius. Occaecati aspernatur voluptatem aut esse iste debitis repudiandae.\n\nEligendi rerum perspiciatis praesentium animi sunt omnis. Eligendi amet dolorem nulla eaque a necessitatibus. Ratione expedita deserunt facere sed. Autem libero sed voluptatem cum autem.\n\nNihil sed exercitationem provident voluptatum. Quo illo sint rem ducimus. Nihil animi fuga a aut est architecto.\n\nVoluptas ducimus quaerat maxime omnis sed autem quisquam. Voluptas nostrum quo sit id. Consequatur rerum nam laudantium animi non est.\n\nIn porro corrupti ipsam non enim. Fuga excepturi omnis nemo aut omnis. Voluptas sed et dignissimos repellat in necessitatibus quae quae. Ut eveniet quam voluptatem sit voluptatem recusandae ut.\n\nVoluptas aperiam quisquam natus. Officia dolor laborum qui corrupti. Dicta iste quia autem fugit est earum. Dolorem accusamus facere et id sint.\n\nAt fuga corrupti quo omnis inventore quis unde. Error maxime sed unde quod enim. Reprehenderit sit enim et consequatur natus. Incidunt perspiciatis itaque deserunt velit quam temporibus.\n\nAccusamus et nihil consectetur iure qui quo suscipit. Voluptas recusandae aut quas quia. Qui tenetur sunt officia est maiores doloribus fugiat.\n\nBlanditiis iusto maiores voluptates tempore ut expedita autem. Neque numquam quo molestiae cupiditate. Doloremque et voluptatem aut tenetur. Aut corporis ut qui molestiae consequatur corrupti aperiam.\n\nNam consequatur et commodi sed quia incidunt incidunt. Quaerat deserunt perspiciatis rerum possimus. Minus id enim est quibusdam culpa quia.',1,'2023-12-17 16:37:52','2023-12-17 16:37:52'),(45,2,'https://via.placeholder.com/640x480.png/00aa55?text=dolorem','Quae provident ea et hic maiores quidem animi.','fuga-soluta-ipsam','Distinctio veritatis hic consequatur consequatur est quia. In laudantium sunt optio accusantium alias nisi officia. Aut saepe dolor ducimus ipsa aliquam earum culpa. Eum qui consequatur ipsum aut est.\n\nEst eaque labore error quod ut beatae voluptas consequuntur. Accusamus cum magni reiciendis. Voluptatum praesentium temporibus at hic est ea. Quia nisi dolorum at iusto hic. Laboriosam voluptatum minus reprehenderit omnis nulla placeat.\n\nExercitationem inventore quod quia consequatur velit alias temporibus. Nihil deleniti et asperiores. Voluptas iure quis modi magni molestiae nesciunt autem. Quisquam minus aut possimus dignissimos sit.\n\nSunt quaerat exercitationem cum aut omnis. Assumenda iste voluptatum non et nam dolorum. Beatae incidunt et voluptatem cum ad temporibus. Dolor sed est asperiores. Sit voluptatem reprehenderit natus non voluptas.\n\nSoluta accusamus in accusamus possimus. Non aperiam architecto fuga autem modi et. Sint id et tenetur ipsam quo aliquam rerum.\n\nDicta qui provident deserunt ad. Saepe praesentium voluptatem quod beatae. Ratione in eligendi qui unde quaerat.\n\nAliquam harum et modi iusto eos culpa voluptates temporibus. Nisi aut et iste autem. Velit aspernatur quia necessitatibus fuga. Quas voluptas rem aut itaque.\n\nVoluptatem quidem vel quo. Cupiditate nesciunt doloribus et recusandae pariatur facilis. Eum et ipsum quas voluptatum voluptate exercitationem tenetur.\n\nSunt earum optio unde at in exercitationem non at. Velit molestias reiciendis repellat a omnis molestias sapiente. Culpa officiis quo sed sed ut. Alias voluptatum reiciendis animi laborum quis.\n\nPlaceat minima placeat qui omnis. Maiores ullam sit vero dolorem voluptate eveniet. Deserunt deleniti officia corporis earum quod.',0,'2023-12-14 20:14:31','2023-12-14 20:14:31'),(46,1,'https://via.placeholder.com/640x480.png/00ccff?text=sed','Quis quasi unde suscipit nulla odio.','est-non-ullam-dignissimos','Veritatis minus illo doloribus labore voluptatum quas voluptatem. Assumenda recusandae amet eaque maxime et inventore eos aspernatur. Blanditiis necessitatibus repellat magni cum voluptatem. Corrupti ullam animi aspernatur.\n\nQuas commodi earum quia repudiandae culpa. Ut quia quibusdam quam odit reiciendis eaque. Voluptatem omnis excepturi a voluptatibus aperiam non labore. Aut ex vel nesciunt occaecati.\n\nAperiam inventore sunt est nostrum beatae alias exercitationem. Ut voluptas est dolor quia et veritatis. Dolorem repellendus excepturi ut et alias voluptates. Vel sed et sequi quidem animi alias ut. Ipsum dolorem officia id debitis accusamus eligendi.\n\nIn dolor aut doloremque optio quisquam. Harum ratione necessitatibus quia molestiae. Labore laborum deserunt quasi quis rerum nam.\n\nNon minus qui fugit quod et. Nostrum modi ipsa repellendus culpa laborum vel vero. Quos ad fugiat iste id accusamus dolor architecto.\n\nNeque non ducimus molestiae et eligendi similique. Nulla voluptatum neque nemo alias id omnis eos sunt. Quis sint veritatis delectus autem labore perspiciatis.\n\nQuo architecto facilis aperiam. Voluptate quidem quod fugiat totam velit. Placeat non dignissimos ut dolore sint distinctio sapiente.\n\nAssumenda magnam illum voluptatibus quis ut optio ducimus. Et quam asperiores aut eveniet. Animi ipsa aut eaque molestiae earum et. A perferendis qui nemo vitae alias. Iusto animi quaerat aut quasi tempora nesciunt sed.\n\nEa sunt officiis voluptatum ab neque. Omnis cumque nemo ut dolorem temporibus vitae. Voluptatem similique dolorum id omnis est voluptatem at. Quasi est soluta aspernatur nostrum.\n\nNobis optio distinctio et eum quod corporis. Ratione omnis laborum eligendi sint. Magni recusandae expedita veniam officia cum. Alias et dolores architecto.',0,'2024-01-27 16:19:16','2024-01-27 16:19:16'),(47,8,'https://via.placeholder.com/640x480.png/00cc33?text=delectus','Modi doloremque accusantium velit consectetur perspiciatis dolorum consequuntur.','maxime-explicabo-tempore','Ex mollitia placeat similique excepturi fugiat. Harum optio facere accusantium. Ratione facilis iste aut odio quaerat vel. Ut alias dolore et ipsum laboriosam sed ut.\n\nIpsum accusantium quas qui fugit ratione fugiat ut. Est ea dolor quis quia placeat. Doloremque ipsa nisi cumque.\n\nQui neque ut laborum consequatur maiores saepe occaecati. Aut officia sapiente porro quam omnis ea. Tempore et laborum sint qui aliquid nostrum et.\n\nAspernatur ut ut voluptatem labore dicta cumque dolore aspernatur. Id corrupti porro ad qui distinctio ea. Sed sequi sed quas nostrum. Veniam explicabo odio porro omnis autem repellat.\n\nAut porro dolorum architecto ullam ex est. Dolorem temporibus rerum quas ad repellat pariatur. Nulla reiciendis beatae officia quae repudiandae hic. Aut cumque pariatur ut quam est minus qui.\n\nSed aut sunt nostrum aliquid. Et iusto omnis repellendus quasi. Odit rerum maiores tempore sit aliquam illum blanditiis sit. Fugit eum facere sunt.\n\nDistinctio eum et nemo. Atque inventore perspiciatis sint et quidem. Incidunt dicta rem et ratione eius et. Neque quae repudiandae cumque eius animi eum quae.\n\nMollitia praesentium aspernatur labore fugiat. Nesciunt nam deserunt eveniet et vel maiores. Omnis sapiente officiis suscipit sed tenetur accusamus.\n\nExplicabo ad quia ut. Temporibus commodi ab vel. Aut et delectus praesentium dicta velit.\n\nOmnis sit iste saepe vel. Omnis quas nisi quisquam. Velit aperiam totam blanditiis dolore ipsa minima. Eos aut velit accusantium omnis doloremque. Corporis illo assumenda officiis eos cupiditate incidunt qui et.',0,'2024-02-08 07:48:29','2024-02-08 07:48:29'),(48,11,'https://via.placeholder.com/640x480.png/0055dd?text=illum','Cupiditate esse facere quod nobis.','nesciunt-sit-molestiae-dolor','Corporis eveniet eveniet temporibus et et quas repellat sunt. Fugit possimus magnam recusandae quidem. Vitae expedita ut sequi cupiditate fugit distinctio quidem.\n\nHarum deleniti consectetur autem aut consectetur rerum. Id consectetur non rem labore ut et est. Minus eum voluptatum illum hic.\n\nDolore non dolorem et sed rem nam dicta. Voluptas ratione impedit consequatur eligendi molestiae. Necessitatibus nihil sit facere occaecati. Error quae saepe tenetur inventore natus.\n\nAliquam dolores expedita dicta ut rerum. Possimus sint voluptatem neque sed reiciendis. Aspernatur temporibus vitae suscipit id. Voluptates modi voluptatem eos.\n\nId dicta deserunt doloremque sint aut ipsam in. Consequatur assumenda harum aut beatae. Fuga facere consequuntur ut non.\n\nNumquam ad sequi omnis illo tempore. Eum aut qui molestias voluptas. Explicabo in vero eligendi officia consequatur. Dolorem cum tempore et eum velit.\n\nSequi enim aut dolorem quia. Et tempore et non exercitationem sit alias impedit eum. Consequatur voluptas qui non earum. Itaque incidunt numquam ducimus voluptatem.\n\nQuibusdam voluptatibus sed veritatis voluptate. Harum odit consequuntur dolorem non est incidunt quaerat in. Tenetur ex quisquam aut vero assumenda voluptatem odio in. Quia odit aut iusto numquam.\n\nFugit qui sed distinctio itaque minus mollitia. Vel molestiae occaecati laudantium voluptatibus iusto consequatur dolores. Eos consequatur magnam quae explicabo eaque alias fuga.\n\nAliquid nostrum delectus blanditiis at voluptates ratione. Vitae illum est qui ea ducimus eaque. Sed voluptatum dicta dolore doloremque.',1,'2024-01-14 21:31:32','2024-01-14 21:31:32'),(49,2,'https://via.placeholder.com/640x480.png/00aabb?text=consequatur','Ut non deleniti reiciendis possimus qui.','quaerat-sunt-natus','Nesciunt molestiae ullam officiis optio doloribus quia. Et consequatur tenetur ipsum ut tempore iure.\n\nLaborum id ut officia magnam minima eos sapiente. Et deserunt quia consequatur dolores ipsa. Sint animi minus rem quaerat sint soluta. Voluptas voluptas aut tempore labore architecto. Voluptatum consectetur voluptas totam.\n\nQui impedit dolor et vel non deleniti eos. Voluptas rerum cumque quia ipsa non rerum. Excepturi sapiente consequuntur culpa consectetur. Cum aut voluptatem corrupti ut quasi non.\n\nQuis et iste mollitia voluptatem. Ipsa nihil at quidem eum quaerat rerum. Omnis beatae incidunt consequatur ex illo nisi eos. Et sunt cupiditate et molestias.\n\nIure vitae a vel quas saepe reprehenderit velit. Similique eligendi velit sit voluptatibus adipisci error animi placeat. Ut dolor ducimus aut aut non aut voluptates. Vitae blanditiis voluptatibus tempore dolore.\n\nIllum facilis esse ea sed ad qui ipsum. Qui dolor est iure ut. Veritatis et culpa accusamus qui atque omnis corrupti.\n\nVoluptatum quidem blanditiis similique laboriosam quisquam debitis. Atque rem ut adipisci error. Nisi omnis magni ex libero.\n\nVoluptatem ea ut neque voluptatum quo. Sit enim non ratione error quas rerum. Ab voluptatem eaque odio praesentium tenetur.\n\nRerum voluptatem eveniet iure qui ut. Eum est id non dolorem praesentium. Libero aut veritatis et qui voluptates similique qui. Quam iure non inventore dolor vel.\n\nConsequatur aut et qui officiis et illo vitae. Consequuntur et iure consectetur earum quod autem ab enim. Corrupti facilis est est non veniam facere.',0,'2024-01-31 06:17:16','2024-01-31 06:17:16'),(50,18,'https://via.placeholder.com/640x480.png/00ff66?text=sunt','Maxime assumenda perferendis recusandae amet aut sed libero.','fugit-omnis-eos-architecto-tempora','Incidunt minima aliquid amet laboriosam. Est quas velit a sapiente accusamus. Dolores ipsa debitis adipisci ullam eius est.\n\nIure fugit saepe cumque et exercitationem aliquam consequatur dolorem. Iusto quo et doloribus voluptatem natus eos similique. Officia ut modi possimus omnis.\n\nTempora ut quasi et et placeat occaecati earum. Repellat debitis cumque at qui. Enim dolorem vitae voluptate quibusdam. Et voluptatem maiores voluptas quae earum.\n\nInventore qui nisi itaque. Est quo laborum quia eaque quia est. Laudantium qui impedit autem earum.\n\nRepudiandae incidunt qui voluptas ratione. Veniam minus repellendus a. Atque sunt id qui suscipit. Qui blanditiis neque consequuntur dolorum sunt.\n\nNeque eveniet tenetur unde. Soluta voluptate fugit ipsa at est optio deserunt velit.\n\nSunt voluptas et sunt nihil magni. Voluptas animi sunt voluptas placeat veritatis eligendi. Et earum repellat dolore occaecati. Et ut qui quis ad et.\n\nMagni et vero et qui. Alias excepturi vitae ut et reprehenderit qui. Laudantium occaecati voluptas nulla natus ut dicta nihil ea. Dolorem dolore et vitae voluptate non.\n\nReprehenderit harum quidem suscipit at. Ipsam et enim repudiandae iste. Eum consequatur tenetur totam quasi. Odit ad ad odit consectetur.\n\nIpsam magnam excepturi temporibus vitae. Impedit voluptatem officia distinctio aliquid aperiam expedita molestias. Repellendus repudiandae animi esse rerum. Voluptatum ullam odio dignissimos.',0,'2023-12-27 03:07:31','2023-12-27 03:07:31'),(51,4,'https://via.placeholder.com/640x480.png/00bbee?text=officia','Assumenda dicta temporibus quibusdam ut nesciunt aut.','hic-sed-totam','Consequatur sit at adipisci itaque saepe et. Blanditiis aut ut quis accusamus eum. Assumenda quo consequatur blanditiis ipsum facere iste iure. Cumque laborum at nihil fugit ipsa ea nobis.\n\nQui ut omnis corrupti dolores. Provident fugit non ut dicta nesciunt. Fuga expedita dolores consectetur eos qui accusamus illum. Voluptatem modi dolore molestiae.\n\nOfficia et magni quisquam eos. Inventore ducimus voluptas cum nihil est. Quia laboriosam magnam tenetur sit et possimus magni accusamus. Sed iure quia unde ea facilis voluptates aspernatur.\n\nEt vitae corporis ipsum magni. Quo occaecati illum eos et beatae natus repellendus. Dolor omnis porro a tenetur.\n\nDebitis aspernatur est odit soluta. Ullam qui perferendis est doloremque. Rerum dolores voluptas fuga ea.\n\nIpsam sit dolore eaque sunt. Vitae minus omnis porro esse laboriosam qui similique. Qui consectetur nobis quaerat illo consectetur excepturi assumenda. Nisi nemo et amet autem possimus.\n\nEt omnis alias temporibus dicta quidem quisquam quasi. Qui cum sunt sunt nobis ea. Ratione est sit optio quisquam consequatur fuga repudiandae. Dolores ea accusantium et laborum non quos quae.\n\nEst et cum voluptas autem. Dolore sapiente odit quam est quibusdam aliquid quis quo. Eos laboriosam sed quasi distinctio dicta et autem.\n\nDolorum eum necessitatibus suscipit sunt. Velit sed consectetur atque molestiae qui. Velit magni sunt est et accusamus quo ea. Perferendis ratione quo natus dolorem laboriosam consequatur doloribus.\n\nNisi nihil quia recusandae molestiae non quis non excepturi. Rerum et vel consequatur consequuntur. Dolorum occaecati explicabo itaque eos accusantium officia.',1,'2024-01-07 16:31:10','2024-01-07 16:31:10'),(52,1,'https://via.placeholder.com/640x480.png/006666?text=reiciendis','Quae quidem quasi sint cupiditate autem ullam.','et-corrupti-iusto','Voluptatibus quo quia quibusdam rerum quis. Et quidem aut dolorum. Harum voluptates eius voluptatibus a. Et dolores ut tempora quia.\n\nError quibusdam officia voluptas iste totam. Nesciunt consequatur eveniet rem. Incidunt earum est molestiae non facilis.\n\nQuidem aliquid in fugiat perspiciatis ducimus iste. Impedit debitis fugit dolor amet. Est quibusdam in doloremque doloribus consectetur ea. Quibusdam neque nihil qui accusamus.\n\nQuod beatae aut tempora sit. Et totam est amet blanditiis facilis ipsum. Laborum iure voluptatem facere reprehenderit quia accusamus.\n\nSequi praesentium reprehenderit tempora suscipit explicabo sed iusto. Vel blanditiis amet fugit suscipit dolores. Aut tempora et exercitationem.\n\nEt rem laboriosam consectetur id alias. Hic et eos sunt.\n\nRatione aut molestiae reiciendis ea eveniet aperiam fuga. Omnis voluptatibus veritatis sed laudantium. Corporis non veritatis quia maxime eius molestiae.\n\nSint omnis consequatur nostrum alias fugiat error cupiditate. Recusandae temporibus nihil illum aliquam rem consequuntur nisi. Rerum molestias eius veniam iure tempora.\n\nEos quam dignissimos quam porro aut minus. Occaecati dolor sit in aspernatur eos. Dolores illo quaerat et dolorem.\n\nAperiam veritatis est laborum aut est. Nihil voluptatem neque corrupti totam est aut. Sunt sunt et corrupti ad maiores esse. Ut deserunt dolores provident.',1,'2023-12-09 12:02:55','2023-12-09 12:02:55'),(53,15,'https://via.placeholder.com/640x480.png/007755?text=et','Et tenetur autem maiores ab laudantium eius.','sint-error-voluptate','Accusamus vel ad veritatis temporibus inventore soluta dolores. Sit maiores officiis hic. Neque sint facere perferendis et quo voluptas.\n\nSimilique repellendus odit sit repellat voluptatem asperiores ipsa. Non velit adipisci quaerat officiis sit eum harum. Sed velit voluptate illum delectus qui. Iure eos libero id ipsam similique.\n\nAliquam harum rerum culpa qui hic et. Assumenda sapiente excepturi minima deleniti quibusdam facilis dolores. Et esse et quasi amet repellat. Ex quaerat dicta quaerat in vitae ut omnis.\n\nFugiat qui et quibusdam nesciunt. Ut eum quisquam a quasi quis voluptatem recusandae. Nam quia id numquam dolore molestiae dolor aliquid.\n\nNobis nemo corrupti possimus qui velit aut corporis. Libero nihil culpa quaerat ipsa ipsum. Impedit a quia est omnis dolores. Facilis deserunt rerum temporibus cupiditate.\n\nOdit nesciunt et alias non facilis eos. Dignissimos atque dolore eos labore ipsum. Et accusamus ut ex fugiat et.\n\nEst modi voluptatibus dolorem aut quaerat et nam. Consequuntur beatae omnis dolor incidunt soluta possimus. Dolore aspernatur repudiandae dignissimos.\n\nSit aspernatur qui quod recusandae saepe deserunt. At molestiae ab ducimus aliquid est. Cumque voluptatum est ut sunt molestiae.\n\nCupiditate tempora aperiam ea amet suscipit. Eaque aut excepturi ipsa architecto. Quis saepe labore enim. Cum qui quaerat perspiciatis tempore.\n\nSint aut voluptatem eos suscipit labore nobis. Doloremque facilis vel impedit ipsa iure optio ea ut. Voluptatem dolorem cupiditate minus blanditiis autem.',0,'2024-01-26 02:43:25','2024-01-26 02:43:25'),(54,9,'https://via.placeholder.com/640x480.png/0099aa?text=et','Voluptatibus dolores sequi nostrum repellendus aut illum esse.','a-iste-non','Libero cumque reprehenderit fugit sit odit. Ex modi excepturi dolores. Est neque aut sunt quod eveniet. A eum explicabo non minima ut est voluptatem modi.\n\nIpsa voluptas tempore omnis necessitatibus. Veritatis numquam quo velit placeat. Repellat nostrum recusandae suscipit excepturi.\n\nQui voluptatem eum voluptas consectetur aut aut non. A asperiores velit eius qui et. Dolorum perferendis voluptate voluptatem.\n\nIn assumenda ipsa tenetur voluptas. Tenetur qui quia maiores modi sunt omnis quod. Pariatur dolor eos dolorem quia. Maxime voluptatibus labore dolore ut dolor aut.\n\nSunt pariatur recusandae dolorem voluptatem ut soluta quas. Voluptas eaque molestiae molestias dolorem quis voluptatem.\n\nImpedit sunt odit ut velit saepe facere quam. Qui qui asperiores et vel nulla. Vel est sint omnis cupiditate delectus ut. Quis magni earum laboriosam eos.\n\nInventore sint ex accusamus tempore. Veritatis sunt dolore aspernatur dolorum numquam. Recusandae ut quos voluptatem quibusdam. Deserunt incidunt explicabo cum sit omnis.\n\nCum quos a ut ipsam quae optio. Repellendus et illum eius qui quis corporis. Ea velit aut quasi aperiam tempore non. Dolorem aut facere mollitia ipsa eius. Fugiat voluptatibus numquam autem dolor hic voluptatem quia explicabo.\n\nMinima cupiditate sed assumenda quibusdam aliquam et vero. Sint illum fugit doloremque quis in. Delectus repellendus dolorem eos aut molestias occaecati minima labore.\n\nMollitia qui autem quasi praesentium quidem. Provident id qui qui sed quas vel ea iusto. Velit facilis vel dolores officiis.',0,'2023-12-10 20:20:57','2023-12-10 20:20:57'),(55,19,'https://via.placeholder.com/640x480.png/002255?text=cum','Eos est dolorem soluta.','voluptatem-dolor-vero','Sit eaque at iste facilis eos. Sunt quod animi voluptates minus maiores. Enim mollitia optio rerum aut inventore deserunt hic.\n\nDicta a iste mollitia quasi. Nesciunt distinctio deleniti aut minus placeat. Non corporis quasi vel ullam. Accusamus ut eum velit laboriosam.\n\nConsequatur eos atque hic minus vitae quos. Expedita facere nihil doloremque quas a. Et nemo nihil quam soluta adipisci numquam dolor. Quia quas voluptatem non iste.\n\nQuia illo voluptatem dicta asperiores. Vel suscipit alias laborum qui. Tempora magni sapiente ipsam nobis optio sint autem. Assumenda in recusandae et quas.\n\nVoluptatem ut velit voluptas autem. Impedit quas eaque aut a saepe.\n\nAb quia nihil distinctio molestiae in et modi provident. Laudantium cum in voluptates est et rem voluptates.\n\nEnim sit soluta omnis non ad consectetur ut. Voluptates mollitia perferendis illum eveniet. Qui fugiat sunt quo qui voluptas.\n\nSimilique omnis et est sint dolore. Odit vero suscipit dolore iure exercitationem inventore omnis.\n\nSaepe odio inventore delectus sed. Consequuntur ut rerum soluta saepe rerum. Illo explicabo pariatur sunt dignissimos.\n\nDebitis qui autem voluptas dicta. Exercitationem aliquid error sed provident commodi neque. Incidunt minima fuga quas dolores.',0,'2024-02-02 05:38:58','2024-02-02 05:38:58'),(56,20,'https://via.placeholder.com/640x480.png/00ff33?text=natus','Beatae maiores velit quis possimus.','maxime-voluptas-hic','Maiores deleniti voluptas ea labore reprehenderit sit. Odit aut quaerat eveniet expedita laboriosam temporibus. Qui doloribus repellat consequatur mollitia est vero.\n\nEt repellat soluta possimus aliquid itaque nobis aut. Enim fugit sequi voluptatem aut eum. Minus aut debitis et suscipit praesentium et id. Accusantium unde id velit sint minus sapiente officiis.\n\nHarum dolor ea itaque. Aperiam amet sit animi ipsam assumenda. Est aut non nam qui voluptatem non eaque vel. Ut quia error ut delectus tempora hic omnis. In amet reprehenderit dignissimos consequatur.\n\nCumque laborum aut consequuntur quasi. Voluptatibus ratione architecto officia vel.\n\nModi fugit est laudantium. Veniam dolor doloribus quaerat enim exercitationem aspernatur quos. Est repudiandae laboriosam necessitatibus nemo quas modi.\n\nReiciendis illum ratione autem. Eos laboriosam pariatur necessitatibus animi accusamus eius. Asperiores doloribus voluptatum deleniti occaecati velit. Sed est iusto inventore.\n\nDignissimos incidunt asperiores quia officia vel sunt impedit. Qui molestiae aut ut iure. Perferendis enim natus dolor corporis quod aut. Qui nam optio corrupti dolore.\n\nUt ut ut veniam excepturi dolore earum et. Molestiae voluptas neque natus qui possimus. Dolorum voluptas totam cupiditate.\n\nNam sit natus et cum. Harum necessitatibus ipsum sequi in eius omnis. Ad architecto voluptas labore libero dolor.\n\nIpsa ea inventore nihil vel soluta. Odit omnis a cupiditate doloremque voluptatem alias. Dolor eos recusandae minima iste.',0,'2023-12-18 17:53:04','2023-12-18 17:53:04'),(57,21,'https://via.placeholder.com/640x480.png/005566?text=doloribus','Quia itaque deleniti nostrum id et perferendis.','ipsum-mollitia-velit-quas-enim','Excepturi amet aspernatur accusamus qui omnis laboriosam. Occaecati rem voluptas sed. Dolor earum voluptate quia culpa magni ut. Et doloribus quia a qui ut.\n\nAut deleniti soluta voluptatem consequuntur itaque aut. Quasi similique vitae commodi maiores autem reprehenderit necessitatibus ut. Adipisci odit dolores maiores voluptas nemo.\n\nTenetur iusto consectetur nam maxime tenetur dolores fuga. Velit incidunt accusamus et veniam debitis. Et facere omnis molestiae quod sed voluptas eius quas. Rem laboriosam quis ratione numquam temporibus explicabo.\n\nLaboriosam perferendis illum consequatur natus quia. Repudiandae asperiores unde quibusdam id libero. Excepturi sit consequatur sint eum ut sed velit blanditiis. Quisquam est dolores minus illum non sed.\n\nEaque nihil vel nam at sequi non consectetur velit. A et mollitia nemo aut nisi. Illum facere quaerat suscipit voluptates.\n\nRatione quam voluptatem vel doloribus illum qui necessitatibus. Temporibus ullam eum ut debitis quasi et beatae voluptatem. Voluptates autem numquam adipisci voluptatum eaque. Fuga aut ut quo a voluptatem est aliquam.\n\nDistinctio nihil voluptatem ipsam et. Saepe necessitatibus et doloribus tempore. Ut sunt sit voluptatem laboriosam reprehenderit omnis ut. Consequuntur aut sequi ut.\n\nExplicabo non hic dolor in. Dolorum vel et iusto eos omnis et nesciunt. Voluptas eius aliquam velit est nesciunt consequatur. Inventore et laborum iste sed.\n\nEius corrupti blanditiis similique dolorum cum. Nisi omnis ab molestias et sint voluptatibus. Cum illo officia minima excepturi est alias. Deleniti eum veniam a beatae sed adipisci doloribus architecto.\n\nEt aut quod perspiciatis in aut nobis qui. Consectetur ut vel temporibus esse quaerat rerum. Repellendus non incidunt laboriosam aut.',0,'2023-12-30 20:32:32','2023-12-30 20:32:32'),(58,9,'https://via.placeholder.com/640x480.png/0077cc?text=dolor','Ullam est non voluptatibus perspiciatis.','eum-similique-minus','Qui ab quae cupiditate molestias autem quam. Dolorem placeat nihil sapiente sunt dolor sed. Voluptatem vitae magnam praesentium voluptatem rem.\n\nDelectus est eligendi nisi voluptates dolores. Eaque aspernatur dolores eligendi. Ut esse nobis repellendus quo et dicta harum aut.\n\nDolores voluptatem voluptatem maiores. Officia veritatis aut animi. Veritatis ipsa odio non debitis.\n\nVoluptas enim enim sunt excepturi facilis ullam. At beatae vero velit aut iste. Similique quod explicabo ratione voluptatibus velit occaecati voluptate qui.\n\nVoluptas et nemo neque accusantium quas sit. Omnis aliquid veniam ut aut dolores. Est explicabo natus culpa blanditiis sit veritatis quaerat facere. Aut atque autem suscipit est vel voluptas et. Assumenda quam adipisci perspiciatis aut.\n\nEt est totam voluptate a explicabo. Quia laboriosam id quo ad maiores modi. Corrupti possimus voluptatem blanditiis quis deleniti praesentium placeat.\n\nLaboriosam consequatur dolores optio explicabo unde sit dolor. Et deserunt saepe in qui eum et. Repellat recusandae provident a.\n\nQui debitis provident quis. Ducimus ipsum voluptas aut qui repellat explicabo. Vitae molestiae dolorum soluta tenetur rerum nihil. Dolorem rem quas sint quos ad error aspernatur.\n\nQui incidunt qui eum mollitia delectus eius enim recusandae. Ab consequuntur consequatur nobis impedit. Ipsum sequi laboriosam labore minus soluta. Pariatur dolorum magnam error hic aperiam.\n\nError dolor vero libero sunt deleniti officia aperiam. Vel culpa est ea nemo. Quo nam dolore necessitatibus ad. Ut illo ducimus molestias quia ea id quo. Deleniti in nemo alias quia repellendus autem laborum quia.',0,'2024-02-07 12:31:28','2024-02-07 12:31:28'),(59,20,'https://via.placeholder.com/640x480.png/0077aa?text=et','Sequi sit autem saepe error recusandae atque.','dolores-mollitia-nostrum-sit','Aut expedita doloremque nesciunt quasi asperiores blanditiis. Debitis fugit aut quia non ducimus. Eveniet excepturi qui sit. Saepe voluptatem dolore quam.\n\nAmet quasi dolore reprehenderit natus vel commodi optio. Labore sunt accusantium dolorem aut in. Rerum nihil amet enim neque consectetur libero.\n\nVoluptas molestiae impedit sit voluptatem voluptas quia repellendus. Est omnis ut et est iusto maiores. Quia animi recusandae mollitia eveniet dolorem.\n\nVeritatis et id et id adipisci. Rerum quas rerum odit expedita. Modi ipsam numquam hic maiores corporis nisi dolorum. Architecto repudiandae quia laborum ea quos.\n\nEum ex voluptatem et molestiae ab fugit hic. Aut sit sint quam nisi necessitatibus est eius aperiam. Aut non consequuntur et molestiae totam. Sit dolor aut veritatis doloremque voluptas enim.\n\nEligendi qui hic atque et illo dolorum hic sit. Non tempore enim doloremque. Quae a dolores iste in mollitia itaque quia alias. Earum maxime commodi pariatur voluptatem quae nesciunt id. Ipsa odio iusto quo fuga error dolorem.\n\nQui cum omnis est omnis repellendus eligendi molestiae. Facere quia maxime eum et rerum aut voluptatum. Voluptatem inventore temporibus ut voluptatem eligendi quibusdam. Molestias eligendi unde iste ipsa rerum quos quia. Omnis sit voluptas cupiditate qui voluptatibus.\n\nDolorem modi et reprehenderit aspernatur ut facere incidunt. Aut numquam vitae quisquam quae.\n\nEt consequatur est quae amet. Aliquam debitis aliquid impedit. Sit fugiat dolores perferendis et ut quaerat. Odio sed magni omnis quis quisquam.\n\nDelectus dolor magni exercitationem aperiam repellat laudantium. Ducimus porro nobis asperiores est similique debitis eveniet itaque. Porro et et et officia autem. Dolore non minus modi itaque rerum dolorem.',0,'2024-02-08 00:47:17','2024-02-08 00:47:17'),(60,15,'https://via.placeholder.com/640x480.png/00aa22?text=et','In et nisi voluptas ut.','eius-adipisci-sit','Perspiciatis consequatur voluptatum rerum atque iure accusantium odit. Ut nulla quia magni. Odio vitae tenetur id repudiandae aut animi.\n\nVoluptate sint et dignissimos et nemo velit reprehenderit. Sit animi tempore eius eum omnis voluptatem. Consequuntur sunt blanditiis praesentium architecto architecto laudantium. Consequatur porro quia nostrum quo.\n\nIusto eos consequatur alias dolores quis eius facere consequuntur. Rerum necessitatibus quam eligendi iure in. Repellendus totam nisi velit nobis harum qui nulla. Cumque doloremque ut hic quia.\n\nQuam eaque nulla quo officiis et. Natus qui autem vitae voluptatem officia quas molestiae omnis. Qui sunt harum porro. Quaerat sed qui corrupti animi velit qui.\n\nAlias reprehenderit quo dolore voluptatem voluptas a laudantium. Totam aperiam rerum ducimus sed. Eos nisi et et tempore et rerum minus laborum.\n\nCorporis quis non hic eligendi dolorum odit. Similique quos quia fuga incidunt. Voluptatum optio nobis ut est aspernatur quo.\n\nReprehenderit pariatur a reiciendis nulla corrupti. In incidunt magni voluptatibus aperiam sed voluptas. Et hic ea sit nostrum repellendus cum eius. Cumque voluptatem aspernatur dolor minima est.\n\nSint provident qui ut suscipit animi quia doloribus. Sint dolorem maxime nihil molestias. Officiis natus nulla voluptatibus maiores nobis et reprehenderit. Et sequi iure rerum placeat.\n\nA ut ratione omnis est nulla incidunt reiciendis numquam. Beatae et qui temporibus ut. Accusamus nostrum ut et hic.\n\nAut voluptas deleniti quo consectetur fugit excepturi rerum. Ratione laboriosam temporibus dolorem earum amet. Error ut aperiam reiciendis ipsum. Qui enim et beatae quidem velit.',0,'2024-01-05 14:52:32','2024-01-05 14:52:32'),(61,12,'https://via.placeholder.com/640x480.png/00cc55?text=dolor','Commodi sit labore voluptatum nobis vero recusandae.','esse-voluptatem-maiores-quo','Explicabo deserunt voluptatem voluptatem. Molestiae sunt officiis in eum in suscipit. Et aperiam repellat voluptatum. Quam soluta voluptas laudantium hic in quibusdam.\n\nQuo harum suscipit eligendi nesciunt a. Et adipisci sit nemo sit distinctio atque. Est qui rerum saepe soluta sed molestias.\n\nNihil quia similique sed. Distinctio quae quo illo minus nihil. Architecto voluptatem sequi tempore temporibus. Rerum nam et sapiente et alias.\n\nOdio exercitationem quia dolor quos fuga. Minima quia ut quidem fugit cupiditate voluptatum. Reprehenderit voluptatem quam perspiciatis voluptas fugiat illum. Veniam et modi consequuntur ut maiores sequi. Est nihil qui modi asperiores neque.\n\nEsse minima quam ipsa molestiae quia dolor aspernatur ab. In consequatur non facilis aliquid. Ut facilis voluptas exercitationem necessitatibus fuga.\n\nMaiores et ut nihil earum cum consequatur fugit. Veritatis necessitatibus consequatur laboriosam eos aut consequatur tempore. Sint voluptatem ullam quia iure.\n\nQuasi itaque quasi voluptates voluptatem ut. Voluptates possimus ut saepe molestias itaque. Quam eveniet porro minima consequuntur. Perspiciatis facere voluptatum temporibus.\n\nDolores eaque quibusdam rerum rerum. Maiores dicta non eveniet qui repudiandae facere itaque. Et vel quos qui illum alias pariatur necessitatibus et. Quia laboriosam similique quaerat nesciunt.\n\nDicta vero alias id cum est consectetur inventore. Delectus nihil eum sit omnis. Reiciendis dicta ab ab.\n\nAut molestiae sed aut et. Commodi et aliquid nesciunt nesciunt. Aut voluptatem qui numquam iste consequatur est.',0,'2024-01-08 18:36:58','2024-01-08 18:36:58'),(62,20,'https://via.placeholder.com/640x480.png/0033dd?text=architecto','Amet minus ullam hic aut.','consequuntur-cum-qui-aut','Est temporibus voluptas culpa ut. Praesentium voluptas sit dolore. Voluptate cumque quasi reiciendis omnis debitis rerum qui asperiores. Illo officiis corrupti et ab ratione vero maiores.\n\nEst tempore iusto ut quasi. Velit repellat voluptatem architecto. Deserunt numquam quia pariatur voluptatum laudantium enim et.\n\nRerum ex inventore rerum voluptatem ducimus corporis soluta eos. Sed doloribus alias praesentium quis ut nisi aspernatur sint. Omnis neque occaecati sunt minima cumque dolores et magnam. Ut doloremque soluta ad non ut et nam.\n\nReiciendis incidunt unde quo. Ipsam adipisci non et sit et. Omnis dolorem dolorem pariatur aut. Ut voluptate eum veniam tempora ipsum ut.\n\nConsequatur incidunt enim rerum ratione occaecati. Adipisci qui cupiditate fugiat. Rem quidem rerum atque.\n\nQuaerat porro eum fugit officia est. Illo corporis aut ducimus exercitationem unde itaque. Id numquam inventore adipisci qui vel animi. Officiis veniam est quia omnis quidem.\n\nSint est sint assumenda et et quis dolor. Quasi minima dolores rerum sint in quibusdam quo quis. Quaerat non eligendi quasi accusantium. Doloremque provident voluptatibus et provident sit.\n\nFugit reprehenderit quia minima eos dolorum. Rerum omnis qui et aliquam. Recusandae id quae voluptatem. Quisquam dolorem nisi minus facilis.\n\nQuia at est voluptatem repellat quo ullam ut. Minus sit culpa vel. Asperiores molestiae accusantium illo facilis dolorem ut est.\n\nQui cupiditate vel quia assumenda. Dolor ipsam id iste inventore quia.',0,'2023-12-11 11:18:14','2023-12-11 11:18:14'),(63,11,'https://via.placeholder.com/640x480.png/00bbff?text=exercitationem','Doloribus dolorem eligendi dolorem vel.','fugit-est-eaque-voluptatum','Dolorem consequatur impedit aliquam provident ea quia consequatur. Id recusandae eius voluptatem. Vitae vel quia iste. Enim quidem quidem dolores.\n\nEsse sint necessitatibus aut quos. Velit sequi quia blanditiis deleniti omnis. Eveniet repellendus et nam ad sint voluptatum officia laudantium. Molestiae rerum porro accusantium a.\n\nHic delectus dolor nesciunt eveniet. A quis minus facilis aut numquam et non. Maxime voluptatem consequatur consequatur qui quam qui nemo. Pariatur aut sunt occaecati et similique quia fugiat.\n\nArchitecto accusamus esse iusto laboriosam consequatur. Fuga veniam autem architecto et laudantium sequi hic est.\n\nNisi enim animi et quia. Maxime fugit non aut nisi alias. Inventore at asperiores exercitationem eius beatae aut sint. Explicabo non rerum qui deserunt.\n\nRatione molestiae possimus facilis eius voluptatem totam nesciunt. Eos et aut hic ex aut ad modi accusantium. Et veniam ex et pariatur accusamus. Qui quod consequuntur cum minima dolor asperiores illo.\n\nMagnam ex tenetur voluptas sed. Ea beatae tempore voluptas aut debitis consequatur sunt. Quia odio alias dolores non fugit aut illum.\n\nId omnis illum labore. Magnam et tempora doloribus aspernatur. Saepe quod harum quisquam nihil id accusamus ad. Fugiat hic sunt quia sit ad deserunt.\n\nAut perspiciatis consectetur omnis consectetur explicabo aut harum. Rerum iusto quod dolor odio. Qui voluptatem aut esse ipsam dolor non quae porro. Dolorem nobis veritatis et dolorum modi.\n\nFugit numquam nesciunt commodi. Ipsa omnis tempore eaque veniam est qui ratione. Ut non maxime distinctio harum cupiditate quod. Ut sint autem hic voluptatum. Voluptatem qui non consectetur quae.',1,'2023-12-20 00:58:30','2023-12-20 00:58:30'),(64,2,'https://via.placeholder.com/640x480.png/00eeff?text=repellat','Sint a consequatur magnam consequatur aut iusto unde.','quibusdam-accusantium-et','Nobis voluptatem similique et dolorem et quam nobis. Illum in placeat tempora velit officia. Modi consequatur qui qui odio eos non ex.\n\nTempora quo qui animi aut assumenda et. Blanditiis qui ea placeat dicta at dolores debitis. Et ullam vel totam non. Est sed dolor tempore reiciendis rerum sed. Qui nesciunt ad sed est quis.\n\nDebitis quibusdam tempora saepe adipisci rerum earum veritatis ea. Quam et quo iusto facilis et molestiae nesciunt. Quaerat est cumque ut expedita. Rem dolorem nobis sunt qui nihil.\n\nMolestiae sit quia dolore quis. Delectus aperiam qui tempora molestiae molestias. Dolorem repudiandae qui doloremque aut cupiditate laboriosam.\n\nRecusandae distinctio ut sed aut incidunt unde. In pariatur natus quod a provident ut fugit. Voluptatem et cumque quisquam illum illum delectus ut. Fuga omnis error velit laboriosam incidunt aperiam nisi.\n\nNam architecto hic vitae amet suscipit quos qui. Eos aut fuga quis porro voluptatem quia qui mollitia. Ipsa aspernatur repudiandae est dolor repellat molestiae quos. Velit voluptas molestiae eligendi tempore et reiciendis.\n\nEt non voluptatem atque dignissimos consectetur minima corrupti. Aut vero et ad eius. Possimus ea quia voluptatem dolores molestiae quia.\n\nEt accusamus vel minima ipsam. Ab mollitia cum debitis libero. Quisquam corrupti illum dignissimos et. Consequatur modi nihil voluptas vel dicta veniam.\n\nAtque non rerum ducimus mollitia eum debitis. Omnis sit dicta ut aliquam amet autem. Tempore pariatur molestiae quia in ullam vel.\n\nQuis esse in id laudantium. Delectus corporis labore non et sint molestiae. Maxime omnis magni aut ab itaque molestiae laudantium quod.',0,'2024-01-26 14:48:53','2024-01-26 14:48:53'),(65,8,'https://via.placeholder.com/640x480.png/003333?text=libero','Quae quam provident harum dolores nostrum magnam.','dolore-architecto-non-praesentium','Quia explicabo id ut velit fugiat. Magnam nobis ut enim quibusdam voluptatem voluptatem est et. Enim sit commodi enim.\n\nError dolore sint unde ullam. Saepe error optio est culpa ipsam. Porro laborum quis et autem tenetur.\n\nEveniet rem praesentium iure iure voluptate nobis. Quos et officia recusandae suscipit dolore repudiandae deleniti excepturi.\n\nQuam sunt ducimus doloribus et minus quisquam corrupti. Architecto temporibus numquam aut voluptates occaecati nihil tempora. Praesentium est beatae ea eum ab. Et ipsa laborum aspernatur consequuntur itaque nobis.\n\nNostrum alias reiciendis quidem voluptas aliquid quis. Aut voluptatem magni cumque veritatis reiciendis ut. Et sunt rerum ea. Enim veritatis provident aut qui commodi error unde. Dolorum dolores odit voluptatum harum sunt error velit adipisci.\n\nQuas ipsa et eum nam vitae ipsam. Reprehenderit illum atque eaque perspiciatis et. Aut fugiat dicta debitis nemo. Itaque autem quidem enim fuga cum expedita.\n\nReiciendis dignissimos odit enim voluptatibus suscipit excepturi quasi qui. Assumenda unde error unde consectetur corrupti ipsa sint. Aut qui unde quis dolores qui sapiente harum. Et nemo porro enim ex dolorem et.\n\nSint dignissimos rerum ut enim quo aspernatur. Et ex asperiores repellendus pariatur quasi praesentium velit. Accusamus dolore et nobis aut. Suscipit autem vel repellat odit ullam fugiat voluptates cupiditate.\n\nQuia sit dolor rerum molestiae minus dolorum et. Voluptate amet earum corporis debitis quo. Odit cupiditate quibusdam eos quis qui.\n\nFacere enim quia occaecati voluptas sit nulla veniam. Quia repellendus eius vel in voluptas aperiam voluptatem. Modi non facere soluta ullam. Et tenetur autem sed accusamus enim.',0,'2024-02-04 22:55:21','2024-02-04 22:55:21'),(66,13,'https://via.placeholder.com/640x480.png/00aa88?text=omnis','Magnam ducimus ullam cupiditate suscipit.','consequatur-quia-ut','Corrupti est quasi exercitationem dolore saepe eum. Quis delectus a nobis et. Animi molestiae delectus eaque voluptatem voluptas est.\n\nAut consectetur et et consequatur impedit. Laboriosam ut quas a accusamus. Quo assumenda dolor possimus mollitia saepe impedit id.\n\nCorporis beatae dolor ipsum hic et. Sit accusantium ut iure quia repudiandae cumque. Incidunt natus omnis non iure nesciunt.\n\nDucimus aspernatur nostrum assumenda corporis. Omnis sed eum velit necessitatibus. Ad eos expedita quo quae.\n\nNemo rerum quia quod nostrum minus cupiditate eum autem. Accusamus quia sed non sed ad dolorum. Harum adipisci voluptatem sed id.\n\nTenetur dolorem facere optio ipsum sit tenetur. Et temporibus sequi quaerat molestias. Laboriosam laboriosam quis debitis accusamus maiores velit. Aut eaque aut corporis minima delectus.\n\nIllo ex eligendi quo maxime pariatur. Repellendus ab qui consectetur debitis quia. Dolore doloremque aut non esse. Eum soluta vero omnis consequatur.\n\nSit et earum aliquam. Consequatur est quae a ullam fuga magnam vel. Odio adipisci animi voluptas minus officia suscipit ut.\n\nDeserunt et id atque occaecati ut non et. Maiores eum ea iusto tenetur repellendus quo rerum. Fugiat non vel earum. Necessitatibus officiis odio provident eveniet architecto.\n\nCum dolores qui nam. Cumque dolorem facilis dolores aut est id sapiente enim. Excepturi amet iusto ut et dolor voluptatum. Ut in omnis sequi repellendus distinctio et ut.',0,'2024-01-11 11:33:04','2024-01-11 11:33:04'),(67,21,'https://via.placeholder.com/640x480.png/003399?text=aut','Repellat officia maiores hic quia a et.','nulla-magnam-enim','Placeat fuga accusamus officia qui. Aliquam totam voluptatem aut quasi cupiditate. Placeat rerum blanditiis quibusdam molestias aperiam vitae omnis veniam.\n\nRepellat accusamus nisi provident qui quia. Sequi rerum omnis molestiae qui recusandae delectus. Vitae dolor iusto consequuntur corporis veniam nobis et.\n\nIn alias consequuntur et aut. Veniam animi omnis aliquid et neque numquam ea.\n\nAd eos sint aliquid quae dolor et sed. Qui officiis quis nesciunt provident at dolor. Deleniti neque eos non laboriosam voluptatem sed consequatur. Est odit quas sunt ea.\n\nEligendi esse adipisci voluptates mollitia veritatis sed. Voluptatem voluptatum minus facere quia.\n\nNeque unde numquam minus porro nam qui. Ut autem eum aut neque ratione. Reprehenderit amet aut unde.\n\nError cupiditate voluptatem excepturi ex tempora rerum consectetur. Laboriosam sed quidem incidunt odit nam molestiae non. Et dolor sit autem velit ut velit. Est id eos dolore soluta quo sint sint.\n\nQui voluptatem qui eos soluta totam similique id. Soluta qui occaecati veniam quia. Dolorem aliquid maiores hic repellat.\n\nQuis doloribus delectus sed dolores. Sunt et aut nostrum eligendi mollitia facere quo. Esse neque animi sit mollitia.\n\nNon unde nulla ut autem. Delectus et explicabo voluptate ipsum rem.',0,'2024-01-17 17:41:10','2024-01-17 17:41:10'),(68,16,'https://via.placeholder.com/640x480.png/00ccaa?text=facere','Eum autem similique placeat.','iure-fugit-a','Sit soluta in error mollitia. Consequatur iste mollitia qui sed molestiae minus quos sapiente. Quam id quam consequuntur molestias ut nisi. Tempore dolores assumenda voluptatem voluptas molestiae.\n\nQuas saepe voluptatem porro illum. Veniam praesentium voluptatibus ipsam consequatur accusantium ducimus. Necessitatibus qui id sunt eligendi quia consequatur.\n\nBlanditiis minus quis eos tenetur dolor et impedit. Sint et dignissimos laboriosam sed eius. Modi porro aut temporibus ut eum. Repellat perspiciatis dolores harum nihil nihil sunt et.\n\nEaque doloremque quo inventore repellendus eos. Molestiae dolorum animi omnis. Quo adipisci totam saepe harum. Eos quae perspiciatis dolorum dolores omnis.\n\nSuscipit non ut ratione inventore deserunt quae. Quo est velit saepe dicta et unde dolor dignissimos. Unde et deleniti amet illum atque eveniet.\n\nSunt est voluptas nam quis fugit. Autem dolorum est mollitia quibusdam ut error. Voluptate quos quibusdam minus consequatur dolorem magni.\n\nDicta iste libero rem sapiente exercitationem itaque. Error eius possimus culpa voluptatibus possimus tenetur. Consequatur quaerat quia earum adipisci non.\n\nCommodi voluptate ut nam magnam assumenda inventore rem. Ipsa et repellat cumque labore. Omnis aliquid illo vitae sint maiores eum nesciunt nihil. Praesentium pariatur inventore ut doloribus.\n\nArchitecto earum nisi illum ea ut eveniet exercitationem. Officiis neque et facilis reiciendis. Esse et iusto est perspiciatis necessitatibus. Ut aperiam quae placeat.\n\nDolor ipsum sed ipsum delectus ut. Ut possimus ut sapiente modi reiciendis atque. Soluta quibusdam quos voluptates iste. Perspiciatis quaerat sed accusantium nesciunt at.',0,'2024-01-30 06:15:33','2024-01-30 06:15:33'),(69,7,'https://via.placeholder.com/640x480.png/0055ff?text=ipsa','Omnis accusantium sit dolorem quisquam.','et-error-voluptatem-hic','Est eos vel inventore veritatis sit soluta a pariatur. Aliquid aut doloribus eius velit accusamus eos aliquid. Minima quidem deleniti nobis atque et voluptatem. Et facilis pariatur in deserunt vel rerum.\n\nCulpa beatae quia ad non et eaque iusto. Amet enim ipsum doloremque assumenda esse asperiores ipsa. Officiis asperiores voluptas expedita cumque id voluptatibus ipsa.\n\nIure reiciendis harum voluptates quas illum ipsum. Neque quis quo itaque dolor impedit magni. Rerum minima dolore tenetur.\n\nSed autem qui impedit qui voluptatem accusamus ea in. Illo autem expedita eligendi possimus voluptatem.\n\nVoluptatem et sit qui. Fugit quia fuga qui enim. Quia sit itaque qui veritatis nemo.\n\nSuscipit voluptatibus distinctio maxime eum. Minima officiis dolorum non amet amet recusandae quia. Ut voluptatum enim commodi sunt nihil.\n\nDistinctio blanditiis alias quisquam praesentium beatae. Beatae qui labore et et ipsa. Itaque accusamus rerum quam eveniet dolor. Molestias mollitia explicabo laboriosam fuga.\n\nNecessitatibus nemo officia eos sequi rerum. Corporis nam corrupti autem quia omnis dolor. Et autem ex voluptatem commodi nam. Voluptatem laborum et ex tenetur consequuntur delectus.\n\nVelit quas ex saepe atque ratione voluptatem ut. Sint quisquam minima perspiciatis a. Ex odio et voluptas et ab iste est.\n\nAccusantium qui earum adipisci quis minus temporibus. Quo est autem et reiciendis laborum.',0,'2024-01-18 06:30:33','2024-01-18 06:30:33'),(70,13,'https://via.placeholder.com/640x480.png/00bb66?text=soluta','Autem rerum sed aut possimus.','repellendus-ab-nobis','Sed facilis est accusamus mollitia laudantium. Numquam soluta dicta consequuntur dolorem quibusdam est dolores.\n\nAutem repudiandae qui porro harum et. Quia natus mollitia eos et ratione consequatur ut. Quisquam omnis veniam quis explicabo natus ea. Modi numquam accusamus pariatur dolor nesciunt culpa.\n\nRem ut possimus incidunt qui aut sit natus. Velit eos qui deserunt non fugit et. Molestias officiis assumenda non nemo.\n\nEt et dolore quasi quaerat omnis enim ipsam a. Earum dicta voluptas consequatur aut aut nesciunt. Deserunt pariatur voluptatum voluptas cumque enim vero nam. Qui debitis et illo reprehenderit modi.\n\nNon iste eligendi facere temporibus excepturi odit temporibus. Voluptate est ipsum quis. Deserunt voluptate voluptas cum in. Corrupti et minima quaerat molestiae vero nostrum.\n\nUt in repellat itaque ut sunt. Ea nisi alias esse consequatur illo animi. Facere voluptas at nihil assumenda.\n\nDelectus id iusto aspernatur ipsa. Totam rerum fugit incidunt sit nobis quod ut. Mollitia incidunt asperiores sint consectetur quia. Qui assumenda odit voluptate dicta.\n\nIn dolorum est quia nobis aut iusto sapiente. Doloribus eaque error dicta. Nostrum dolorem provident iste magni accusamus aperiam atque nihil. Delectus maxime quos iste adipisci.\n\nMolestiae ab magni sint sed similique fugit. Ratione ipsam non consectetur accusamus sed quam et. Adipisci ad amet aut ut nobis. Vero suscipit voluptate odit reiciendis.\n\nFugit nihil saepe molestiae ut illo. Quo aliquid sint molestiae officia. Eum sit earum dolores est suscipit unde. Asperiores id et incidunt dolores hic dolore sit.',0,'2024-02-02 22:28:01','2024-02-02 22:28:01'),(71,15,'https://via.placeholder.com/640x480.png/000033?text=nostrum','Quia vel voluptas minima.','quia-qui-deleniti-omnis-qui','Ab qui minima numquam rem dicta neque maiores. Saepe omnis consequuntur praesentium excepturi. Vitae et tenetur dignissimos numquam porro occaecati quo. Nostrum est optio earum aut ut quae culpa.\n\nLaudantium labore quo vel. Dolore non sed nobis in reiciendis. Qui fugiat aspernatur eum. Eius tempora dolor occaecati ea.\n\nModi ut est odit quisquam sit. Quaerat facere nisi magni ut harum officia ratione. Rerum vero voluptatem dolorem beatae ad voluptate et a.\n\nQuia aliquid non molestiae ut aliquam. Distinctio cum voluptas iste minima perferendis. Voluptatem quidem dolores fugiat sed dolorem. Suscipit autem suscipit ea.\n\nRem qui reprehenderit pariatur reprehenderit. Id illum corporis non assumenda beatae voluptatibus consequatur. Excepturi et vero sit minima.\n\nUt ut consequuntur vel omnis voluptatem. Similique animi nisi repellendus non qui. Eligendi quas suscipit corporis provident ex. Nisi itaque nisi non nisi ea est.\n\nEt aut harum asperiores suscipit magni. Assumenda ullam voluptatem itaque sit magni commodi perspiciatis. Non voluptas iste quod qui accusamus a. Nobis voluptatem fugit et ullam eaque.\n\nAut officia laboriosam nemo. Assumenda est cum est non. Neque voluptas quas ut ea cumque.\n\nDolor ut earum vel non. In dolores rem quam doloribus corporis. Consequatur qui veritatis aut minima. Distinctio nihil non laboriosam molestiae.\n\nEst sit in cum est. Tempore quibusdam quidem ut quam. Explicabo aut consequuntur reiciendis aut. Omnis reprehenderit dolorem vero voluptates unde dolorum.',0,'2024-02-05 03:00:38','2024-02-05 03:00:38'),(72,10,'https://via.placeholder.com/640x480.png/0011bb?text=eum','Veniam est maxime quia et.','eos-aut','Modi enim atque pariatur molestiae maiores distinctio. Itaque asperiores quibusdam occaecati consequatur minima numquam. Laudantium est voluptatem ab distinctio velit.\n\nAperiam totam non ipsa reiciendis repellat laboriosam itaque voluptas. Eos harum sed illo iste dolor molestias.\n\nEum non ut est. Dolores molestias est vel.\n\nEos quam aliquid sit ut. Velit quibusdam quam dolorem qui ad totam. Et velit ipsa eaque minima. Quibusdam consequatur culpa non et quisquam.\n\nMagnam nemo vel quisquam illum. Saepe amet unde doloremque ut. Debitis ab aspernatur nisi aliquid suscipit. Corporis beatae eveniet perspiciatis nostrum adipisci.\n\nSit et aliquid vitae minus. Molestiae sint qui ut sint. Minus cupiditate consequatur qui.\n\nAb a rem consectetur voluptas molestiae vero beatae et. Dignissimos sint ea rerum. Id et ullam non ut. Magnam et libero qui.\n\nSit eos eos quidem. Pariatur quia veniam earum amet quo.\n\nTenetur reprehenderit veritatis minus similique. Facilis deleniti ipsum harum et est architecto quis. Culpa praesentium et sed inventore. Nihil assumenda voluptatum eligendi omnis non.\n\nOdio occaecati nesciunt mollitia totam sunt occaecati possimus. Soluta placeat repudiandae qui sunt eos recusandae. Commodi dolorem velit praesentium voluptatibus aut vel neque.',0,'2023-12-09 05:47:12','2023-12-09 05:47:12'),(73,2,'https://via.placeholder.com/640x480.png/0033aa?text=qui','Ratione amet dolores officiis qui omnis ut rerum aut.','reprehenderit-sed-eligendi-quia','Minima quas sed voluptatem quae. Est qui ducimus dolorem earum. Ab veritatis ab nihil qui vel. Dicta sit aliquid eum rerum laborum impedit.\n\nSuscipit quis commodi libero eum veritatis sunt unde voluptas. A assumenda facilis numquam et eum consequuntur est.\n\nEos sed sed sunt sit iusto quia esse. Voluptatem vitae tempora voluptatem qui non rerum corporis. Natus dolor omnis tempore nihil molestiae officiis. Sed et assumenda ut asperiores sunt.\n\nMolestias et ducimus et magnam. Hic nesciunt qui quis quasi iste non. Natus alias consequuntur qui sit. Vel omnis atque ipsa soluta repudiandae. Voluptas est non quasi ea odio aut.\n\nQuae natus consequatur dignissimos fugit cumque cumque. Et laborum sit harum et fugiat modi deserunt. Aliquam saepe recusandae minus qui et veritatis.\n\nLibero est id accusantium quo cum sit optio. Iure vero quo ea dolorum a. Voluptas ad enim aut. Quos nisi doloribus placeat placeat omnis nihil non.\n\nAccusamus provident in odio totam sapiente sequi quibusdam qui. Est sit saepe labore enim recusandae iure. Quam eveniet et laboriosam quidem. Natus ut earum sapiente repellat pariatur aliquid.\n\nQuaerat et veritatis impedit voluptas enim. Exercitationem harum quo ipsa. Et voluptatem ab ad sed dignissimos.\n\nDebitis suscipit vel odio. Culpa doloribus illo repellendus molestiae quisquam quo. Earum rerum maiores voluptas optio. Aut perspiciatis excepturi fugit omnis.\n\nDolorem fugit quidem dolorum iste. Fugit error quae sequi non ut iste. Totam ea totam quia rerum suscipit ex corporis. Et libero et ut et ut voluptatum ab.',1,'2023-12-29 14:09:50','2023-12-29 14:09:50'),(74,20,'https://via.placeholder.com/640x480.png/00bbff?text=vitae','Quibusdam doloribus expedita est quos saepe.','quo-minima-vel-ut','Qui saepe corrupti fugiat. Voluptatem corrupti perferendis ex. Optio eius quibusdam animi. Ut nostrum inventore perferendis.\n\nRatione ducimus ratione autem eligendi voluptates nostrum quia omnis. Autem soluta quia consequuntur. Nemo qui beatae explicabo cumque vitae commodi. Rem eveniet similique similique omnis enim sint debitis.\n\nEt quod sapiente tempore eaque cum eveniet perferendis. Quis quam recusandae corporis sed inventore quae optio in.\n\nQuibusdam ipsum nesciunt id magnam illum eum qui iusto. Ex tempore quia ipsum. Nesciunt pariatur voluptatem sapiente temporibus. Eum officiis soluta quisquam tempora et fuga aut.\n\nEst et dolore alias delectus voluptates. Tempora ut animi placeat. Velit quasi nam error eligendi repellendus maxime autem.\n\nSunt harum quo ut consequatur earum. Hic nihil qui rerum saepe provident porro eum. Quisquam ipsum aut aut quis commodi atque. Debitis quia ipsum sunt et quis.\n\nSequi quidem deserunt pariatur aut consequuntur consectetur quod. Possimus inventore est occaecati quaerat omnis sunt.\n\nVoluptatem dolor reiciendis dolor aut totam nulla quo. Aperiam error nulla pariatur quam sunt molestiae. Eaque assumenda at aut cumque officia voluptas expedita culpa. Consectetur odio rerum quisquam dicta blanditiis qui. Et ea accusamus asperiores et dolore ratione dolore.\n\nNon dolore animi praesentium commodi voluptate autem quaerat. Eos rem voluptates aut sint ab voluptatem. Ipsum incidunt consequatur fugiat neque molestiae architecto. Voluptas qui quo ut qui totam.\n\nVelit reprehenderit voluptatem ipsum quisquam dolorem non animi minus. A eveniet est maiores nemo. Ullam quibusdam est alias culpa rerum eaque sint. Eligendi explicabo quod laboriosam facere.',0,'2024-01-25 06:18:39','2024-01-25 06:18:39'),(75,20,'https://via.placeholder.com/640x480.png/00ddbb?text=officiis','Sint optio blanditiis sed inventore ea voluptatibus eveniet.','voluptate-vel-blanditiis-odit','Veritatis laboriosam praesentium est. Repellat voluptatem inventore perferendis quia voluptates adipisci sint voluptatum. Recusandae perferendis eos sed praesentium deleniti. Et dolorum quae eligendi ut est distinctio voluptatem ut.\n\nQuibusdam voluptas est esse iusto aperiam cumque. Distinctio perspiciatis laborum est adipisci ut alias. Tempora unde nihil praesentium rerum ut ipsa facere. Accusantium laborum cum nihil alias nihil.\n\nQui beatae qui autem ducimus voluptatem. Quas est dolorem voluptatibus repudiandae nam nulla. Nam enim dolores adipisci.\n\nQuae dolor necessitatibus aut accusantium animi. Voluptate dolorum voluptatibus sit laborum reiciendis sapiente aliquam. Veritatis minima nam et neque similique voluptatem sequi. Laboriosam iure dolorem pariatur ad pariatur quia ex totam.\n\nAt maiores quos tempore et possimus. Odit dolor qui error ad dolor tenetur. Dolorum harum nulla necessitatibus sed quasi ea. Quae eligendi et officia. Quis ipsam expedita delectus alias maiores.\n\nVeniam placeat illo sit sit et officiis ut. Debitis aut nisi cupiditate vero animi vitae. Consectetur nihil ut totam aut et.\n\nFuga labore nulla rem pariatur voluptatem. Maiores cum omnis omnis rerum. Quisquam doloremque eos assumenda omnis in. Ipsum minus ipsam debitis eaque omnis quia corporis.\n\nAmet eum illo voluptatum sint. Tenetur aperiam illum aspernatur dicta nobis dolor. Aut unde cumque soluta modi. Nihil qui magnam enim voluptas doloremque facilis vel. Laboriosam eius modi possimus amet ipsa.\n\nAut possimus pariatur ex. Sit qui est vitae qui impedit. Consectetur soluta quasi ut quia aut voluptas dolor. Qui eum voluptas adipisci consectetur doloremque aut.\n\nQuos id error fugit et dolorem perspiciatis voluptatem. Nam nemo voluptates ut rerum. Magnam voluptatem harum et quis.',0,'2024-02-05 04:39:03','2024-02-05 04:39:03'),(76,2,'https://via.placeholder.com/640x480.png/003300?text=repudiandae','Veritatis voluptate dolores eius molestiae et molestiae.','hic-culpa-nam-aliquid','Perspiciatis numquam unde repudiandae quidem vel. Quisquam ab non maxime quis rerum numquam veniam ea. Autem vel sit repudiandae harum veritatis.\n\nVoluptatum eaque ut ab quia. Fuga rem id veritatis nulla voluptates. Maxime dolor inventore vel quia eius quam exercitationem. Nulla rem qui atque distinctio molestias ea.\n\nHarum aut cum distinctio ut fugit voluptatum. Iure corporis perspiciatis sint reiciendis.\n\nNecessitatibus aut aut et et voluptatem expedita provident. Vel rem assumenda non commodi ea. Ut sit sequi molestiae. A velit pariatur recusandae est ullam. Ut corporis aspernatur dolorum id.\n\nNam exercitationem rerum ullam. Quas recusandae odio distinctio exercitationem omnis sapiente. Quibusdam quibusdam unde dolorum consectetur sit nemo. Officia provident aut non magnam neque earum totam. Sed sunt eligendi culpa aliquid et maxime voluptatem.\n\nRepellat et consequatur quia fugit quia culpa deserunt quis. Doloremque praesentium quia laudantium repudiandae odit ipsa minima.\n\nSapiente eligendi voluptas magni perferendis aut odit. Velit voluptatum et repudiandae et sed sed consequuntur et. Expedita voluptas minima accusantium consectetur voluptatibus.\n\nQui impedit tenetur rerum vero maxime animi. Placeat sit id eveniet aspernatur. Dolorum modi omnis commodi dolore quia totam nihil. Accusantium vel enim doloribus et quam sit nulla.\n\nQuis aut quia dignissimos omnis. Neque molestiae non numquam quis quisquam. Qui et natus voluptatum esse exercitationem.\n\nNulla tenetur numquam saepe quia ea deleniti. Qui libero qui numquam voluptatibus voluptatum ex velit.',0,'2023-12-05 18:21:25','2023-12-05 18:21:25'),(77,2,'https://via.placeholder.com/640x480.png/0055ee?text=necessitatibus','Accusantium blanditiis accusantium eius laudantium.','voluptas-expedita-asperiores','Et impedit enim rerum impedit. Voluptatem recusandae qui ut beatae aut eum ipsa. Dolorem cum suscipit itaque ab possimus et. Ad cum autem recusandae sunt delectus.\n\nEt temporibus similique aut. Dolorem non eaque itaque inventore nostrum fuga laborum. Sint voluptatibus nostrum eos fugit quod doloremque rerum. Facere dignissimos itaque sed nam hic consectetur. Modi ut unde inventore ea ipsa.\n\nVitae architecto odio eum nam neque tempore. Hic sint qui incidunt alias. Ut recusandae dolorem temporibus aliquam excepturi corporis magnam exercitationem.\n\nQuia omnis rerum autem ea. Numquam aliquam deleniti labore sint ea quia molestiae. Eius omnis enim delectus cupiditate.\n\nVero sunt quisquam quia nihil neque. Dolor molestias fuga dicta. Aut dolorum omnis incidunt totam. Distinctio repellendus atque eveniet repellendus rem animi sit.\n\nArchitecto tempore corporis ea quis omnis. Vero nihil distinctio consectetur atque. Dolorem numquam eveniet molestias aspernatur est.\n\nAut vel et reprehenderit ea quia. Facilis et ipsam veniam id assumenda nihil ipsa aut. Qui quo temporibus qui optio aut quo voluptate.\n\nDignissimos vitae consectetur quae voluptas. Eos in suscipit omnis rerum commodi quo. Et iste ex natus rerum possimus quam quae dolor.\n\nNihil non velit unde reiciendis doloremque saepe repellendus. Odit tenetur neque eos sed rem rerum. Omnis exercitationem ut consectetur aut amet sint.\n\nQuisquam explicabo dolore quo eos quas eum omnis cumque. Repellat laboriosam quos perferendis tenetur repellat.',1,'2023-12-23 13:27:09','2023-12-23 13:27:09'),(78,15,'https://via.placeholder.com/640x480.png/00bbbb?text=totam','Magnam natus deleniti sed reprehenderit beatae necessitatibus omnis.','fugiat-nobis','Placeat recusandae dolores distinctio laboriosam in. Corporis nesciunt explicabo consectetur a. Error saepe sequi voluptas expedita eligendi quo et.\n\nDolores et harum est quae esse dolorem. Iste ad laudantium et fugit cumque expedita sit. Quibusdam qui quos rem et.\n\nQuia repellendus voluptatibus numquam quis vel officiis est dignissimos. Atque quia eveniet provident tempore iure. Vitae incidunt autem odio quia pariatur hic.\n\nPerspiciatis labore nobis temporibus tenetur dolores magnam aut. Ea nam asperiores quia dolores omnis. Dolor similique et est ullam. Sed et dolore quia nemo laudantium voluptatem.\n\nCommodi consectetur repellat quo et voluptatem quia sint. Autem magni quisquam iure.\n\nEt qui aut placeat ut nemo. Reprehenderit dolore voluptas ipsum enim et. Officiis atque quia et est est ut.\n\nOfficia quo non accusantium placeat quae. Voluptas qui iste et et ratione omnis. Qui consequatur ipsum accusantium corrupti. Velit quis sunt voluptas laudantium.\n\nOdit itaque ut ut dolorem unde. Autem explicabo eligendi vel sed. Animi in excepturi dolorem sit quas iste ipsam officia.\n\nAut non sunt corrupti nobis. Eum est omnis dolores cupiditate est. Veniam quo laudantium illo eligendi in. Similique mollitia sit enim eveniet deleniti neque.\n\nOccaecati voluptatem enim natus sunt error quibusdam dignissimos. Corporis dolores doloribus aliquam asperiores. Ullam voluptatem quaerat aut et commodi aut sit rerum.',0,'2024-01-08 01:34:07','2024-01-08 01:34:07'),(79,17,'https://via.placeholder.com/640x480.png/00aa00?text=cum','Nisi non porro et sunt aut sint cum.','cum-incidunt-at','Occaecati assumenda molestiae et iure aut quas. Qui aut eligendi cupiditate dolores necessitatibus voluptatum provident aut. Voluptatibus laudantium eos debitis quis.\n\nUt assumenda praesentium minima enim suscipit commodi rem. Fugit qui quisquam aut doloremque ratione. Ut voluptatem sunt deserunt iste qui. Quas illo tenetur iusto aut.\n\nEt fuga sint non inventore fugiat ut numquam. Et aliquam sit nobis fugit sit magnam. Accusamus optio repudiandae aperiam ut eum.\n\nAtque distinctio unde eum vel consequatur provident. Quia esse voluptatem aut sit accusamus. Vitae aliquam cupiditate ea sint cupiditate tempore iusto.\n\nVoluptatem accusamus qui dolorum expedita rerum consectetur illum a. Aut possimus dolorem architecto. Ipsam ducimus blanditiis et similique id pariatur.\n\nMinima quibusdam et aliquid voluptas ea dolores expedita. Et rerum sit quia illum voluptatem assumenda qui aut. Quibusdam iusto nesciunt adipisci voluptatem. Et similique inventore aut.\n\nVoluptas eligendi quibusdam magnam et nesciunt. Molestias non temporibus officia suscipit voluptatem beatae. Molestias asperiores dolor molestiae earum. Incidunt et nulla ipsam dolores iure.\n\nQuod animi ab dolor soluta ipsum rerum. Et voluptas consequuntur odit doloremque. Maiores atque at eius laboriosam assumenda.\n\nMaxime quae deserunt qui in id rerum eum. Distinctio explicabo quis ipsam repellat. Facilis impedit et eveniet.\n\nExercitationem ut consequatur commodi. Iure eligendi laboriosam molestiae enim voluptas voluptas dolorum. Ipsum similique quidem occaecati voluptatem explicabo culpa maxime. Voluptas explicabo omnis qui ex voluptatem. Debitis aliquid et recusandae velit ut perspiciatis.',0,'2024-01-10 04:06:13','2024-01-10 04:06:13'),(80,8,'https://via.placeholder.com/640x480.png/0066bb?text=voluptatibus','Quisquam voluptatem id est dolor tempore sint.','corporis-eum-omnis-corrupti','Autem quia laboriosam vitae ut. Est delectus laudantium ipsa quidem. Tempore eius in sed quidem sint eum ullam.\n\nDolore accusamus officiis illo aut qui laboriosam. Praesentium laboriosam est laudantium id quod fugit. Pariatur reprehenderit asperiores autem alias soluta aspernatur et.\n\nRatione necessitatibus architecto ducimus ut. Quia beatae soluta eum vel. Asperiores perferendis rerum minima vero neque.\n\nAutem unde odit ratione corrupti. Perspiciatis fuga ipsa accusantium et facilis et. Quisquam consequatur culpa corporis fugiat.\n\nVoluptatem et a perferendis. Cumque facere esse nulla facilis necessitatibus ullam. Exercitationem soluta est vel numquam iusto nihil soluta. Esse aperiam omnis dolores illo alias voluptatem velit.\n\nRecusandae accusamus voluptas facere magnam. Quisquam aut non doloremque illo. Veniam eligendi sunt omnis et fugit dolorem.\n\nReprehenderit eum excepturi aliquam illum natus fugiat. Id pariatur assumenda qui ipsa autem et ad id. Maxime eos natus omnis culpa at sit a.\n\nPraesentium aut sint ullam possimus distinctio. Perferendis corrupti corrupti velit veritatis aut adipisci. Fugiat perferendis enim aut porro.\n\nRatione impedit et quibusdam adipisci qui amet. Quia maxime hic delectus. Et voluptatem dolor molestias dolor eos.\n\nProvident eligendi sed non molestiae deleniti. Natus eveniet exercitationem vero nulla id. Rem et dolor aperiam cupiditate cum. Mollitia voluptatem deleniti dicta.',0,'2024-01-21 23:05:45','2024-01-21 23:05:45'),(81,20,'https://via.placeholder.com/640x480.png/003355?text=quo','Libero repellendus tenetur tempore quae pariatur.','quis-minima-qui-aut','Accusamus veritatis impedit est nemo. Earum consequatur unde quisquam voluptatibus. Est sit ut eligendi quos. Facere iusto minima culpa ipsam dicta nobis nisi.\n\nEst mollitia ratione qui. In possimus repudiandae soluta iusto.\n\nAut molestias nesciunt illum voluptas. In voluptas voluptatem vel.\n\nId et eius et facilis quia ut officia quia. Necessitatibus qui quia quasi quia non. Veniam maiores culpa nam reprehenderit nisi vel sint. Nihil quo at aut omnis quia. Consectetur excepturi dolor ducimus minus dolor assumenda beatae.\n\nAut vel fugit dicta ipsa. Explicabo dolores quidem quos dolore reiciendis odit vel. Sit deleniti minima odio eveniet aut voluptatem soluta est.\n\nOfficiis id et quasi ullam. Porro facere voluptas tempore aut saepe possimus. Sunt reiciendis nostrum aut sapiente nulla.\n\nDolorem molestiae autem quibusdam reprehenderit aut et. Nobis quia ullam et eos. Eos et nisi adipisci tenetur sed et quibusdam. Est qui quas eos sed veritatis.\n\nNemo fugiat numquam inventore deleniti officia quis. Aliquid et aut sunt laborum ratione minus non. Expedita est nemo officiis minus explicabo. Molestiae cumque voluptatem iusto dolor. Ipsum nemo vero rerum numquam est assumenda provident.\n\nMinima sit at ipsum quia. Placeat nulla quod eum est tempora. Amet quisquam ad doloremque molestiae aut fugit.\n\nDignissimos mollitia rerum nesciunt aperiam. Repellendus voluptatem repellendus voluptatibus et dolor dolorem qui corrupti. Porro velit eveniet accusamus.',0,'2024-01-16 03:25:13','2024-01-16 03:25:13'),(82,13,'https://via.placeholder.com/640x480.png/001122?text=reiciendis','Maxime earum sapiente ut.','quos-nulla-nam','Voluptatum eos voluptatibus ad minus asperiores assumenda. Dolor vel porro tempore omnis sit. Eius at consequatur suscipit a perferendis quos facere dolorem.\n\nQuia et ad sunt error. Alias sed sunt eos nihil soluta. Quos in incidunt sint rerum qui dicta distinctio velit.\n\nQuia reiciendis omnis numquam est ut consectetur hic. Repellendus a dolorem cupiditate numquam unde repellat quod repudiandae. Blanditiis vel in omnis ipsam. Quidem consectetur temporibus sunt sunt vitae. Dicta quis reprehenderit nostrum sunt.\n\nId non laborum omnis dignissimos dolor non. Corporis sit non sapiente repellat consequatur voluptatum neque. Aspernatur architecto inventore id.\n\nNostrum sit sit quia vel et minima. Optio omnis delectus dolorem modi aut. Delectus dignissimos rerum officiis facilis eveniet beatae omnis. Veritatis velit ducimus possimus tenetur. Aut tempore nam ea sed quia voluptatibus ex.\n\nSit optio dicta et impedit nostrum aut. Expedita sint praesentium laborum voluptatem odit ut debitis.\n\nTempora autem consectetur temporibus magnam quasi esse laborum. A distinctio ullam odit voluptatibus. Et eveniet ut voluptas officia est harum tempore dolore. Est eos sit laborum molestias sit. Sit alias aut quasi qui quia facere nemo nihil.\n\nUnde et pariatur facilis sunt et at voluptate. Vel cumque sit delectus. Consequatur ut et in. Autem reprehenderit nihil qui deleniti.\n\nOccaecati velit voluptas non eum. Ea vero et animi et fugit deserunt. Voluptatem illum optio et sint dolores. Maxime vel nam nemo non omnis dolorum.\n\nSint veritatis quam eum corporis ut ut. Tenetur labore doloremque et qui sed. Nostrum aspernatur quia cum nulla.',0,'2024-02-09 16:39:39','2024-02-09 16:39:39'),(83,12,'https://via.placeholder.com/640x480.png/007777?text=quasi','Sint natus eveniet deserunt qui fugiat non et.','et-adipisci','Quae esse cupiditate similique voluptate doloribus. Ut minima sed molestias et blanditiis. Vel quasi voluptatem rerum dicta in ipsa. Est ratione rerum tenetur eos ut veniam numquam.\n\nNeque iure odit sit enim laborum. Ipsum rerum et aut fugit eum. Quae aspernatur enim ut sed quidem nostrum soluta est. Unde quis repellat aliquam accusantium eaque hic ducimus vitae. Dolore et impedit eos provident culpa animi.\n\nEst culpa nostrum quidem eos omnis. Modi reiciendis omnis aut laboriosam qui aspernatur voluptas rerum. Atque enim consequuntur qui eos molestiae quos neque odio.\n\nNon accusamus soluta nesciunt laudantium molestiae voluptas. Vel quia provident autem qui cupiditate ad quisquam. Explicabo dolorem in quidem enim nam cum. Excepturi molestias sit voluptatem et et non.\n\nIpsam suscipit voluptatem quos eos sequi magnam consectetur. Temporibus dicta ut libero quaerat libero id cumque. Necessitatibus aliquid omnis laborum ratione facere vel est. Facilis maxime exercitationem rem eveniet possimus autem dolores.\n\nVoluptatem dolores soluta aut adipisci. Iure consectetur consequatur eum similique maxime. Qui magni quia omnis ut ea.\n\nVoluptas itaque et est officiis mollitia. Maxime suscipit non sit earum harum accusantium iste ipsam.\n\nSint non accusantium cum qui velit soluta et voluptatem. Officia nisi ex occaecati neque numquam magni.\n\nSit debitis ducimus ex et ipsa inventore dolor. Saepe unde fuga eum amet est cumque nostrum. Et veniam aut voluptas quisquam ducimus. Et et cupiditate tempore dolorem. Consequuntur consequuntur iusto possimus id reiciendis.\n\nImpedit fuga iusto eum. Laudantium et quam aut qui minima in. Porro suscipit omnis accusantium voluptas quas deleniti ducimus a.',0,'2024-02-12 07:00:42','2024-02-12 07:00:42'),(84,13,'https://via.placeholder.com/640x480.png/00aa11?text=doloribus','Sit itaque vitae veniam quis aperiam.','architecto-quos-perspiciatis','Nisi cupiditate suscipit maiores magni animi reprehenderit. Maiores sed fugit explicabo cumque omnis. Nihil in provident est fugit aut id. Ea laborum error qui quia cum amet cum.\n\nEa praesentium quaerat esse et. Commodi et dolorum sint aut ratione est. Commodi non veniam sit dolores pariatur quos quam omnis.\n\nLibero rem consequuntur in ab. Quidem officia enim non ea iste quo. Consequatur doloremque optio natus asperiores voluptates est voluptate rerum. Eveniet repudiandae debitis et unde eaque nihil.\n\nQuo eum id eligendi nihil accusantium officia. Nam quo accusantium quia similique libero. Nobis quibusdam vitae omnis. Reprehenderit explicabo dolor doloremque est magni.\n\nQuia quis sit accusamus velit enim architecto. Velit debitis assumenda excepturi. Dicta iste atque est non dolorum asperiores.\n\nProvident aspernatur inventore nam. In doloremque dolorum dolorum rerum et. Dolores magni dolorum earum quod. Non quaerat pariatur aperiam commodi.\n\nQuam harum aut ipsam soluta dolores soluta. Enim qui totam laborum sunt earum alias aut. Reiciendis vero omnis nobis perspiciatis velit eveniet. Numquam sint velit vel inventore error unde iste.\n\nPariatur dolorem veritatis praesentium aut sed. Sed rerum animi error cupiditate perferendis ipsa id. Maxime ipsam eveniet error unde aut nemo. Vero aut delectus beatae aspernatur distinctio voluptatibus adipisci consectetur.\n\nConsequuntur sed non nostrum saepe saepe itaque voluptatum. Cum culpa quos aut nihil. Aspernatur voluptas et et consequatur aperiam est. Facilis sed sint tenetur omnis.\n\nItaque quam quia saepe quas optio fuga quaerat. Et possimus corrupti non. Aut optio sed quis voluptate. Ut possimus non voluptas aut consequatur voluptatem. Numquam dolores asperiores voluptas nesciunt.',0,'2023-12-20 03:34:58','2023-12-20 03:34:58'),(85,6,'https://via.placeholder.com/640x480.png/0011aa?text=ad','Inventore voluptate quas tempora aut nulla asperiores.','et-ut-consequuntur','Sit deserunt exercitationem laboriosam fugiat. Aliquam a rerum ad dicta molestias iste nisi. Velit iste aliquid omnis omnis cupiditate expedita. Dolor nihil ex dolor eos ipsam possimus.\n\nIpsum et consequuntur laborum dolor. Consequatur exercitationem at suscipit nemo sit ex autem. Est molestias blanditiis et ratione dolorem quia voluptas omnis. Quia beatae error omnis consequatur suscipit voluptas.\n\nQuis minus incidunt similique fugiat est possimus deleniti. Quae placeat beatae consequatur veniam molestiae deleniti nisi velit. Quo nesciunt dolorem sed saepe deserunt dignissimos explicabo. Animi quo illum nulla voluptate modi delectus.\n\nRepellat iste incidunt iste ea enim assumenda quis. Et qui nulla ut et maxime. Blanditiis rerum rerum sit molestias.\n\nNumquam dolorem rem voluptatem voluptatibus ab. Error magnam odio sed numquam illo sit ut. Corporis et non dicta corrupti doloremque blanditiis tempora reprehenderit. Voluptates velit soluta possimus ut mollitia.\n\nAliquid dolorem molestias ex. Voluptatem praesentium unde qui voluptatem sint eaque. Incidunt quia placeat omnis.\n\nAliquam non ab aut facere repellat cumque. Accusamus quo natus sed ut quod officiis. Voluptates aut vel voluptates maxime dolorem ipsa sunt voluptatem.\n\nVoluptatibus iusto provident fuga vel est omnis. Ad omnis expedita reprehenderit ex qui. Nobis aut possimus qui totam velit quibusdam sed. Cum nulla et vel unde dolores neque non.\n\nRatione provident minus est vel molestiae enim ut. Numquam velit impedit quia voluptatibus quia aliquid. Ut id vel laboriosam molestiae.\n\nIn voluptate quo et totam fuga. Magni eos est quis laborum aut nulla. Qui sunt non consequuntur aut occaecati sapiente. Optio vitae libero quidem fugit.',0,'2024-01-13 13:31:35','2024-01-13 13:31:35'),(86,19,'https://via.placeholder.com/640x480.png/0000bb?text=repudiandae','Quis eos ratione et est ea.','est-saepe-officiis-impedit','Et et aut sapiente deserunt a. Debitis tempora laudantium est totam quia non. Nihil quas ex porro voluptatem quisquam corporis nihil.\n\nVitae suscipit numquam debitis nihil. Sint ad dolorem nobis provident assumenda. Fugit qui eveniet itaque molestiae saepe id.\n\nExpedita at mollitia modi porro. Voluptatem aspernatur saepe possimus eligendi ut quia. Consequatur et id aut accusamus laudantium voluptas voluptas sit. Numquam ut a quis illo vel qui.\n\nMinus eligendi non eos et aut ut. Consequuntur nostrum expedita natus est inventore. Sequi et consequuntur rerum ab. Vitae nulla enim et sint ut.\n\nVoluptatum esse fugit ullam harum fugit non eos. Dolores maiores delectus quis optio deserunt non. Voluptatem ad aut esse quos nobis. Provident saepe voluptatibus nihil velit porro corporis.\n\nQuo occaecati vel voluptas itaque minima. Ut atque ad eius laboriosam quidem.\n\nIncidunt placeat quos blanditiis in qui laboriosam quae. Qui aspernatur aut voluptates sapiente ut tempora magni sit. Pariatur aut aliquam ipsam qui maiores. Molestiae molestiae illo exercitationem error fugit necessitatibus quo.\n\nEt fugit autem eum est quo. Dicta fugiat et sit suscipit sed voluptate. Ipsam sit praesentium ab sunt id non sed fuga.\n\nAut aut qui quia sit labore. Delectus consectetur commodi tenetur nam voluptatum velit laboriosam. Animi maxime itaque rerum in molestiae. Doloribus explicabo reiciendis sit quod.\n\nConsequatur libero in aut non sit. Voluptas aut officiis pariatur tempore et et aut molestiae. Culpa aliquam cumque vitae ad. Mollitia dicta nisi veritatis consectetur.',0,'2023-12-31 06:44:14','2023-12-31 06:44:14'),(87,14,'https://via.placeholder.com/640x480.png/0033ee?text=accusamus','Alias nam nulla nisi magnam iure nam sapiente.','sint-odit-neque-facere','Perspiciatis cum numquam adipisci sequi repudiandae. Ex enim culpa sed soluta. Esse possimus pariatur consequatur voluptatem. Rerum iusto illum quo consequatur commodi sequi natus.\n\nEnim qui odio quia voluptatem id rem. Et ex quam natus id quo quia laborum. Ut temporibus quia voluptate dolorum dolor inventore. Aut tempora expedita cum illum exercitationem dolor.\n\nRerum est ratione perspiciatis. Dolorem placeat id ipsa cupiditate reiciendis eligendi.\n\nOfficiis enim quos officiis numquam. Omnis velit vitae alias magnam saepe quia quaerat sit. Numquam adipisci nulla reiciendis ut sit voluptatem et. Optio voluptas ut fugiat aut vero labore assumenda libero. Porro voluptas error et culpa animi.\n\nImpedit laboriosam nostrum officiis voluptas dolorem ut cupiditate omnis. Enim laborum qui temporibus quasi dolorem inventore. Veritatis consectetur id reiciendis rerum aliquam. Illo excepturi fuga consequatur aut.\n\nVero tempore optio aut nisi illo modi earum. Expedita qui qui optio qui.\n\nA ex quia debitis expedita eius qui quia. Aliquid qui qui facere suscipit voluptas. Autem asperiores qui in sed reiciendis dolorem.\n\nMolestias earum nostrum rem eos. Animi laborum ratione doloribus. Consectetur odit omnis deserunt quaerat optio exercitationem dolorem. Corporis qui nemo a vero nihil doloribus eius voluptatem.\n\nCumque dolores sunt ut nam. Qui qui eos inventore. Nam quos possimus animi nulla saepe. Numquam distinctio temporibus omnis officia quae laborum neque.\n\nRatione et ex ab optio consequuntur. Culpa ex non sed sit.',0,'2024-01-15 23:56:09','2024-01-15 23:56:09'),(88,2,'https://via.placeholder.com/640x480.png/0099ff?text=necessitatibus','Voluptate sapiente ex nulla dignissimos et a neque.','quo-aspernatur-eveniet','Sequi et et quam iste. Expedita deserunt accusamus consequatur officia qui quidem neque velit. In saepe neque et aliquid minus hic. Quos ea harum at consequatur nam.\n\nFuga quibusdam reprehenderit tempora delectus. Iure consequuntur sunt ipsam vel ipsa et. Harum provident unde beatae. Accusantium laborum aut culpa quia repellendus animi magnam.\n\nQuam iusto culpa non impedit. Et corporis rerum blanditiis vel omnis explicabo. Aut maxime dolorem ducimus. Non nostrum hic eaque ea totam nam.\n\nIpsa sunt quo quasi consequatur repudiandae quia. Optio aliquid sunt quis culpa est. Rerum fuga aut sunt amet facere exercitationem.\n\nQuibusdam autem minus delectus. Nesciunt non repellendus repellendus rerum.\n\nDolor quam saepe corrupti sit. Est possimus unde excepturi consequatur repudiandae. Nihil consequatur odio unde veritatis nihil omnis. Minima sint explicabo recusandae ipsam ratione omnis nisi. Non eos veniam assumenda nobis at voluptatum nesciunt.\n\nCulpa labore quo distinctio aliquam dolore aperiam enim. Ad et ab quia eum ullam et.\n\nFugiat sit qui eligendi quibusdam. Et eius illum voluptatem eveniet temporibus omnis. Sit impedit et non quisquam laborum aperiam repellat.\n\nNesciunt id iusto natus assumenda. Ut qui est delectus non. Quas iure enim dolorem accusantium suscipit.\n\nVoluptas fuga magnam distinctio. Magnam maiores quia dolor voluptate laboriosam est minus. Aut ea in delectus nulla est voluptatem. Aspernatur debitis et tenetur magni.',0,'2023-12-09 11:00:10','2023-12-09 11:00:10'),(89,2,'https://via.placeholder.com/640x480.png/0044ee?text=et','Sint sint autem illo porro numquam consequatur.','a-ut-omnis','Aut corporis id qui quia voluptas tempore. Ex labore dignissimos repudiandae nobis eum sed qui aut. Excepturi necessitatibus non est sunt.\n\nMinima dolor qui dicta velit qui unde velit similique. Repellendus praesentium veritatis distinctio et vero. Rem vel itaque necessitatibus corporis et qui. Velit odit amet voluptatem ipsa repellat.\n\nEos perspiciatis veritatis sint debitis. Et similique in ut quibusdam. Ut tenetur nostrum eos aperiam laudantium dolores ea.\n\nPlaceat sed ipsum deserunt eaque dolores aut. Sapiente laudantium et delectus dolor officia aut nostrum laboriosam. Corporis voluptas non officia ut iure qui ut.\n\nSaepe sed soluta quis quia et ullam soluta. Beatae ullam et neque.\n\nOfficia ex veritatis dolorum eligendi. Accusamus esse deleniti ea sed odio assumenda. Sint et odio soluta impedit ullam.\n\nEst a temporibus sit. Quia qui iure nostrum eius eius vero dolore. Enim et alias qui nostrum.\n\nQuia aut harum quia ducimus pariatur et. Aliquid a excepturi delectus est atque non. Temporibus voluptas officia occaecati id fuga. Mollitia quis porro ab.\n\nIusto facere velit aperiam. Inventore facilis doloribus optio. Optio et aut distinctio itaque optio maiores sed.\n\nOmnis ipsa dignissimos officiis et architecto neque. Non quia molestiae eos autem. Dignissimos tempore unde molestias sunt.',0,'2023-12-09 05:59:44','2023-12-09 05:59:44'),(90,19,'https://via.placeholder.com/640x480.png/00ee55?text=quis','Ut fugiat odit voluptas recusandae.','harum-expedita-dolores','Eligendi nihil voluptas vitae aliquam suscipit laborum omnis. Dolore nostrum aperiam deleniti itaque earum enim. Velit qui commodi quo vero odit praesentium. Ullam omnis unde libero voluptatem voluptate quo numquam.\n\nIpsum provident dicta occaecati ut adipisci voluptas. Eius magni est dolor at at occaecati. Sequi dolor non quaerat est. Laboriosam quia consequuntur dolorem qui. Cum quaerat molestiae dolorem ea ut maxime debitis similique.\n\nTempora dolorem rerum vitae sunt consequatur et. Expedita officiis adipisci sit.\n\nBlanditiis veniam atque minus doloremque et aut et. Quia ut rerum nihil. Qui eum amet inventore ipsa atque nobis.\n\nCommodi neque ut non consequatur in distinctio. In ipsam consequuntur accusamus perferendis. Nihil ex ea illum cupiditate labore esse nostrum saepe.\n\nItaque quis accusamus et voluptatibus at debitis ab nihil. Alias molestiae beatae ducimus. Voluptatibus dolores accusamus est rem sapiente pariatur. Deleniti quidem nihil ex et repellat qui commodi libero.\n\nItaque necessitatibus illum quia et est ut. Quia molestias non ducimus nam non. Nulla suscipit aliquam fuga fugiat ex.\n\nVoluptas voluptas autem omnis harum dicta ab culpa. Dolorum illum nobis voluptatibus nam expedita necessitatibus consectetur.\n\nEst libero hic officia quia vero. Accusantium recusandae adipisci dolor ipsa. Incidunt sed in assumenda.\n\nNam tempora ipsam ipsa. Eos quibusdam et soluta rem expedita totam sed. Ab rerum voluptate et nam et veritatis. Aspernatur rem velit pariatur dolorem enim rerum.',0,'2024-01-25 15:13:26','2024-01-25 15:13:26'),(91,19,'https://via.placeholder.com/640x480.png/004433?text=sequi','Qui porro doloremque nihil voluptatum odio ad corporis.','iure-consequatur-ut','Et et dolore quo nesciunt ex sequi eos. Neque omnis iusto voluptas sed accusamus. Blanditiis qui voluptatem velit dolores sed. Asperiores laudantium corrupti maxime in in.\n\nLaudantium qui impedit qui nulla voluptates. Unde dicta dolorem ut repudiandae. Fuga delectus aut delectus consectetur.\n\nLaboriosam sint reiciendis ab et. Eos sed et quia molestiae eos atque. Pariatur ullam autem voluptatibus quibusdam vel atque.\n\nIusto non possimus fugiat veniam eos. Quo fugit voluptatem sequi nesciunt. Aut ut sit ducimus eligendi quis sunt fuga. Natus in eos facere ab ullam sit.\n\nSunt ratione sint quam autem temporibus. Eaque suscipit et id cum quos. Aliquid consequuntur eaque debitis quidem sunt labore. Consequatur voluptatem laborum saepe aut.\n\nProvident animi fuga fuga sit exercitationem neque quis. Iste voluptates cupiditate voluptatem beatae. Dolorem id omnis ut quae. Nobis dolorem et exercitationem debitis.\n\nUt voluptatibus occaecati soluta dolor ut nulla corporis iste. Quisquam neque odit repellat hic magnam corporis voluptate. Voluptate cupiditate debitis sed placeat eum. Eum minus sed modi ut.\n\nQuod quibusdam qui aut blanditiis non laudantium voluptatem. Consequuntur alias voluptas aperiam est. Laborum ea fugiat qui et eveniet eum. Sed et expedita dolorem laboriosam cupiditate.\n\nNihil velit iste vel alias et numquam. Ut ut et atque nulla optio voluptatibus. Quam rem alias aperiam aut iste ut beatae.\n\nItaque velit ab vel cumque voluptatem maiores. Tempora nulla quidem sunt ut quo laborum. Voluptates alias quod expedita temporibus distinctio eos.',0,'2023-12-15 23:44:57','2023-12-15 23:44:57'),(92,21,'https://via.placeholder.com/640x480.png/006600?text=libero','Porro in eos odio nihil ut consectetur voluptas.','ullam-ut-explicabo-fugiat','Necessitatibus soluta nisi incidunt fugiat excepturi dolore et. Nam beatae corporis ea quia. Officiis aliquid aliquid ipsum voluptate. Numquam voluptatem dolorem nesciunt ipsum quos molestias veritatis. Possimus dolore quos aut cupiditate exercitationem officia.\n\nAut tempora voluptas consequatur dignissimos non ex qui. Neque suscipit aperiam vel autem sunt veritatis et. Quo et dolorem et in excepturi saepe. Ut ab ipsa id dolorem qui. Tempore omnis earum optio eos quia.\n\nRepellendus maiores optio est ipsa aut corrupti. Nobis quas sint tempora et maiores laborum praesentium. Ratione vero aliquid incidunt facilis expedita.\n\nItaque repudiandae ut totam eveniet nihil. Provident veniam odio numquam consequuntur autem. Soluta omnis labore quae incidunt itaque omnis repudiandae. Iusto hic libero et aut.\n\nQui earum aperiam sed ex ratione. Architecto accusantium vitae et deserunt laudantium.\n\nVoluptatum consequatur dolore dolorem dolorem autem voluptatem ut. Vel culpa sunt nesciunt officiis molestias adipisci. Consequuntur iure eius tenetur neque excepturi. Quod ea et sequi iste et quo.\n\nIure sequi optio voluptas cupiditate voluptatem quisquam modi. Molestias ullam libero explicabo veritatis.\n\nEt nisi quaerat totam eum provident eveniet. Omnis sunt quisquam unde. Libero eum ea et impedit.\n\nVoluptatem ut quidem ipsa magni expedita architecto temporibus eligendi. Ipsum voluptatibus voluptatem enim dolores facilis. Qui quia blanditiis ea est omnis velit.\n\nQui officia sit nam atque ut. Sunt numquam tenetur in id ab tempora sint. Sit voluptatibus molestias perspiciatis. Inventore facilis quam aliquam maiores non.',0,'2023-12-15 00:45:59','2023-12-15 00:45:59'),(93,16,'https://via.placeholder.com/640x480.png/009911?text=quia','Nemo atque modi minus iure.','labore-consequuntur-necessitatibus-fuga','Qui sit ut consequuntur sunt veritatis similique libero. Iure reprehenderit laboriosam tenetur quibusdam dolores sit voluptas. Cupiditate sapiente omnis voluptatibus eum enim error.\n\nEt molestiae autem sit consequuntur et. Veniam sunt commodi quam voluptatem. Voluptates rem est et eaque temporibus itaque.\n\nPossimus fugiat ut quae nihil enim. Magni veritatis rerum ipsam eveniet dolor enim. Aut voluptatem cum omnis inventore accusamus eligendi quo. Et sed dolorum aperiam molestias omnis sit omnis commodi.\n\nDolorem est earum ipsam dignissimos mollitia. Quae cum numquam in dolor magnam est vitae blanditiis. Qui repudiandae illo porro. Quis sed quod ab est id qui est.\n\nIn quia assumenda illum illum qui est. Dolor excepturi sequi sed similique quia rerum aspernatur.\n\nCupiditate quia qui inventore aut. Aut repudiandae repellat voluptas hic adipisci. Ducimus sapiente ipsam architecto odit et dicta.\n\nEius sit eligendi eaque quam voluptas eos reiciendis est. Nesciunt velit aspernatur qui eligendi. Quaerat qui est esse ipsam sint reprehenderit maiores.\n\nDoloribus quos sed id consequatur dolor dolores consequatur. Sequi dolores beatae eaque voluptates autem reprehenderit laboriosam. Et aliquid neque ut eligendi aperiam sit voluptas.\n\nEos ut consequatur qui odio consequuntur ullam. Sit maxime fuga ab rerum. Id molestiae reiciendis fugiat repudiandae quis consequatur enim. Dolor voluptas et quisquam similique pariatur.\n\nQui quam rerum distinctio veniam minima distinctio at. Asperiores nulla et qui optio molestiae. Maiores aut neque voluptates illo facilis ullam. Voluptatem voluptatem quo et debitis est magnam expedita.',0,'2024-01-09 21:13:05','2024-01-09 21:13:05'),(94,4,'https://via.placeholder.com/640x480.png/00ddee?text=ex','Officiis rerum quas sit aperiam nemo.','perferendis-rerum-at-provident','Ut non nihil et dolorem. Nisi ut sapiente rem voluptas atque nobis quo. Sequi quia qui eligendi omnis ut sed est. Magnam culpa ad omnis quasi et et. In iste sequi enim eos omnis eaque nulla.\n\nMaiores recusandae accusamus mollitia optio perferendis rem. Qui aliquid ea odio sit vel animi impedit. Molestiae aliquam nobis quibusdam harum voluptas animi voluptatibus. Incidunt omnis et eum ducimus harum.\n\nVel eum in voluptas sed quis corrupti. Corporis non asperiores saepe quia qui iusto. Sit voluptates esse similique enim nisi est occaecati.\n\nEst veniam mollitia explicabo quo quas est. Soluta deserunt sunt deserunt ut deserunt. Voluptatem aut culpa consectetur ut.\n\nSed dignissimos doloremque et officia explicabo. Voluptas numquam aut facere similique ex sit. Id quibusdam numquam qui error unde explicabo veritatis.\n\nLibero rerum et ea provident labore repellat. Dolorem magni eligendi soluta cum voluptatem. Ea provident iste autem alias.\n\nNeque perspiciatis culpa ut fuga. Possimus dolorem iure est accusantium. Nobis facere distinctio dolore omnis ex similique similique. Voluptas est sint maxime eveniet numquam voluptatum error. Est saepe beatae itaque nulla.\n\nDolorum consequuntur nemo exercitationem ea necessitatibus. Explicabo sunt quis sed ex dolorem exercitationem placeat.\n\nDelectus at in et. Ea at laudantium et sapiente alias. Vel eum nesciunt et possimus ex voluptas ipsum. Ratione cupiditate veritatis iusto soluta veniam at sapiente.\n\nNecessitatibus necessitatibus quos aperiam. Dolorem tempora eum ipsam dicta enim est ad alias. Voluptates porro non eum provident sed sunt animi. Provident itaque saepe repellendus totam nisi saepe blanditiis dolores.',0,'2024-01-22 13:01:01','2024-01-22 13:01:01'),(95,14,'https://via.placeholder.com/640x480.png/008811?text=at','Blanditiis voluptate occaecati ex numquam.','corrupti-quia-molestiae','Itaque dolorum et mollitia libero perspiciatis dolorum aut. Id mollitia repellat recusandae accusamus. Et rerum repudiandae quod ipsam enim.\n\nDignissimos libero sunt doloremque. Similique aliquid fugit ipsa error sint. Cumque molestiae totam nesciunt magnam esse ratione. Numquam alias laudantium vel nulla.\n\nAtque voluptas veritatis velit laboriosam omnis modi. Laudantium doloremque molestias deleniti sunt qui omnis. Eveniet cumque doloribus corrupti reiciendis nihil mollitia iusto. Neque optio laboriosam aut amet voluptas vitae provident.\n\nAut aut ut vero quasi aut aut iure. Quis in dolore aliquam ea. Reprehenderit occaecati repudiandae eum sit commodi. Iusto qui voluptatibus fugit pariatur voluptatem exercitationem. Id assumenda sit in modi.\n\nPlaceat qui quam debitis ratione error et rerum quia. Vel illum deserunt ut. Aliquid cum fuga et eligendi exercitationem deserunt.\n\nMagnam tempore est ea placeat tenetur eius fugit. Totam tempora magni est quam mollitia.\n\nQui aut rerum deserunt soluta quibusdam ipsum. Consequatur expedita facilis deserunt error hic nostrum quos autem. Beatae sed quaerat sunt veniam officiis saepe nihil. Nostrum sed ut reprehenderit est eius tempore dolores distinctio.\n\nAut eaque error tempora. Rerum cupiditate harum dolor corporis hic sed. Odio quo nemo error voluptatem aliquid neque.\n\nRepudiandae ullam molestiae sunt ea. Facere quisquam dolor et dolorem est doloribus officia. Non dolores consequatur quas sunt et.\n\nEum debitis accusantium rerum voluptatem accusantium illum. Deserunt est repellendus et impedit eveniet aut enim sunt. Ea non ut perferendis aut.',0,'2024-01-05 11:24:18','2024-01-05 11:24:18'),(96,8,'https://via.placeholder.com/640x480.png/009944?text=aut','Ut dolore maxime consectetur distinctio harum rerum modi.','odio-qui-sapiente-rerum','Voluptas minus dicta possimus eveniet fugit et quas. Amet corporis illum beatae. Et quasi autem praesentium accusantium iure earum.\n\nNecessitatibus possimus omnis delectus esse sed. Aut nobis illo vero ut. Exercitationem sit molestiae fugit rem dolorem tempora est. Quis numquam omnis saepe.\n\nPerspiciatis reiciendis quis in dolorem natus molestias quos repellat. Sunt fuga aliquid voluptates. Assumenda recusandae voluptas quae voluptatum eum non repudiandae. Odit aperiam delectus rerum vero et fugiat.\n\nReprehenderit ab omnis id eaque at quae. Nostrum incidunt modi quae distinctio sit. Commodi impedit quia nisi eius similique sunt. Impedit quo vel dolore animi ad repudiandae est.\n\nAsperiores autem qui nemo consectetur occaecati quae et dolores. Eos est voluptatem esse aut quia officia nemo. Optio praesentium officia voluptas nostrum totam voluptatibus. Laboriosam id est maiores corporis doloribus. Aut aperiam nostrum libero enim voluptatum sed aut libero.\n\nConsequatur non qui quibusdam quia modi error consequuntur voluptatem. Quo facilis distinctio deleniti necessitatibus. Qui earum nam voluptas pariatur autem debitis blanditiis dolor.\n\nOptio nobis omnis repudiandae et quos aliquid. Explicabo et ut quia dolor qui cupiditate repellat. Atque natus aliquam qui est illum. Aut nulla dicta ipsam quia porro harum.\n\nEst iusto sequi amet ipsa ut ea saepe. Vel sequi quo quasi delectus illo. Dignissimos perferendis corrupti architecto et nulla eum laudantium.\n\nQuae quod aperiam laboriosam sunt dolorem quia adipisci consequatur. Quis perspiciatis nemo aut id aut laudantium. Quasi eum aut voluptas cupiditate. Enim harum qui sit et et hic quibusdam nostrum.\n\nOdit placeat ut laborum est quo at. Fuga ea delectus impedit labore. Distinctio blanditiis occaecati nemo consequatur impedit et.',0,'2023-12-16 20:06:38','2023-12-16 20:06:38'),(97,13,'https://via.placeholder.com/640x480.png/003333?text=earum','Magnam ut aut exercitationem et est ea nihil.','in-exercitationem-impedit','Voluptas facilis rerum quaerat numquam facere. Consequatur qui qui debitis nostrum. Omnis debitis neque distinctio debitis optio non.\n\nUllam est nihil harum maiores perferendis. Dolores eum minus quia dolores aut nesciunt. Possimus aut illum ipsam.\n\nSed laboriosam ut fuga voluptas accusamus et vero. Voluptates voluptatem nobis et ut officiis placeat. Velit exercitationem architecto officia et est.\n\nModi totam sit dolor qui. Repellat delectus blanditiis eligendi dolorem. Harum et voluptatem qui debitis sapiente reprehenderit in. Nostrum suscipit sed ut hic. Ducimus accusantium porro voluptatem earum et ut voluptate.\n\nRerum cupiditate reiciendis est enim quibusdam voluptatem sunt. Consequatur repellat consectetur accusantium reiciendis. Dolor exercitationem ut doloremque. Reiciendis ullam tempora sed id molestias.\n\nQui sunt explicabo facilis id id quisquam est. Dolore esse officia officiis eos optio. Deleniti quas voluptatem accusantium quisquam eos.\n\nVel rerum illum odit quia qui inventore libero accusamus. Quia quas a maxime qui aliquid non sint. Quisquam voluptatibus ducimus adipisci.\n\nVelit dolorum perferendis voluptate placeat ea exercitationem. Ut nulla quis enim ad sint ut aut. Voluptatum cumque sint qui porro accusantium nam. Laboriosam voluptatem facere quae odit eos. Ipsa ullam facere dolor non est dolorum veritatis.\n\nOdio autem id animi et. Aperiam vero laborum perferendis quae. Sit quia error vel deleniti nostrum dolorem molestiae dolores. Esse soluta perspiciatis beatae voluptatum corporis quas temporibus.\n\nVoluptate atque quam maiores temporibus veritatis omnis nulla facere. Aspernatur et ipsam assumenda officia tempore praesentium. A voluptatem neque quo.',0,'2024-02-08 08:02:04','2024-02-08 08:02:04'),(98,8,'https://via.placeholder.com/640x480.png/008811?text=earum','Culpa sed illum dicta.','numquam-et','Perferendis dolor consequuntur expedita. Dolorem eum sapiente nihil dolor. Laudantium eaque deleniti voluptatem aut ut ut.\n\nMolestiae sint ab necessitatibus perferendis delectus occaecati rerum ut. Vitae qui ad in voluptatum aut. Et voluptatum quo quia commodi molestiae quaerat eum. Perspiciatis hic enim sunt sed dignissimos rerum.\n\nInventore sequi laboriosam veniam officiis. Eos corrupti iusto repellendus ut dolor.\n\nIncidunt molestias laboriosam accusantium. Atque necessitatibus aut quasi similique soluta eaque. Voluptatem inventore expedita et facere.\n\nPossimus explicabo nesciunt esse minus aliquid cumque laboriosam. Commodi et optio repellendus dolore. Quia ut rerum nulla excepturi quisquam temporibus. Alias sed dicta dolor est cumque.\n\nAut et soluta sunt odio accusamus illo iusto vero. Ea quis cupiditate et adipisci sed. Architecto suscipit tempora rerum ullam quis labore dolores.\n\nConsequuntur vel officiis magni inventore aliquid. Qui ut minus voluptas et. In blanditiis fuga vitae vero quis.\n\nNatus ducimus quos maxime vero quas consequatur praesentium sit. Tempore perspiciatis fugiat molestias voluptatem unde nam non. Dolorum aperiam fuga rem doloribus. Sunt voluptatibus vel ex.\n\nEt consequatur dolor quia soluta dolor culpa. Et accusantium aliquam ratione. Omnis quia nam officia doloribus nulla autem. Et temporibus autem dolorum doloribus doloribus ex.\n\nCulpa numquam omnis ab at. Dolorum quis perspiciatis magni eius et ipsum incidunt. Dolor quod quae ut quod vitae. Ut consequatur rerum delectus voluptatum.',0,'2023-12-27 22:25:17','2023-12-27 22:25:17'),(99,14,'https://via.placeholder.com/640x480.png/002233?text=et','Quod dolores numquam voluptas dolorem magnam atque.','veniam-fuga-ut','Doloribus magnam qui et. Quasi provident velit sequi earum veritatis omnis dolores voluptatibus. Modi eum at esse eligendi sit vel excepturi. Non quos sint possimus quibusdam voluptatem voluptatem quis.\n\nCorrupti minus qui quo et praesentium et sunt. Sequi occaecati quasi et velit recusandae. Cum officiis asperiores sit delectus reiciendis sint. Enim est temporibus eligendi aperiam.\n\nSimilique nostrum similique quae qui aut cum nemo doloribus. Quo qui unde numquam et dolorum. Provident reprehenderit quasi qui veritatis ea excepturi. Ut eum consequatur alias et voluptatem quibusdam.\n\nRem hic et dolorem cum. Veritatis laboriosam ut consequuntur esse totam vero sed earum. Vel velit error provident. Quas magnam necessitatibus et quaerat.\n\nAutem fugit tempora doloribus sed quisquam error repellat non. Odio velit aspernatur doloremque dicta quos assumenda. Facilis velit nihil repellat nisi voluptas atque. Est temporibus aut magnam officia fuga totam temporibus.\n\nDistinctio optio rem a ea facere sunt. Error quis nesciunt alias soluta sint enim. Maxime et expedita quae et ab quas fugiat. Ut aut dolor tempore voluptas eum maxime amet.\n\nAmet quas deserunt nesciunt tempore atque dolorem. Possimus amet odit eos officiis. Aut et aut labore.\n\nSuscipit consequuntur ut voluptatum aut rerum saepe cupiditate ab. Vitae maxime doloremque aut et. Distinctio facere aut eum neque cum laudantium sequi. Enim laborum est eos velit in accusantium.\n\nAlias aut ut dolorem consequatur non quisquam laboriosam. Quidem et nostrum odio enim ullam optio. Velit magni officiis et illo rerum. Eum est eum ducimus vel harum vitae dolores.\n\nTempora doloribus voluptatem aliquam qui hic. Velit quas asperiores et non eos explicabo quod sit. Dolorem iste doloribus sint dolores. Et aut iste ea ad est saepe deleniti.',0,'2023-12-28 12:25:17','2023-12-28 12:25:17'),(100,8,'https://via.placeholder.com/640x480.png/0033bb?text=voluptatem','Exercitationem assumenda quibusdam est id.','quisquam-temporibus-autem-nam','In quam accusantium esse nulla numquam. Illum non omnis in voluptatibus aut et libero. Eos enim praesentium accusamus quaerat eum. Praesentium porro et aperiam.\n\nNecessitatibus et fugit porro quidem dicta. Atque et cupiditate iusto mollitia voluptates. Et qui nemo quae incidunt. Consequatur qui eius ipsum et.\n\nSed et nam et. Reprehenderit sed possimus officiis tenetur accusamus necessitatibus nobis. Eveniet molestias ut vitae voluptas suscipit et.\n\nPerspiciatis quidem rerum id odit. Eveniet ut eum sapiente porro dignissimos illum pariatur. Accusamus qui et autem iusto similique consequuntur.\n\nAliquid iusto quis et rerum minima incidunt. Velit nisi ut iste. At voluptatibus nisi placeat sequi dignissimos qui praesentium.\n\nVelit qui iure corrupti expedita harum eveniet. Voluptas voluptatibus maxime amet velit praesentium voluptate. Quae nulla tenetur voluptas adipisci et at voluptatem. Nam tempora omnis aliquam aut.\n\nVitae consectetur odio eaque consequatur voluptatum. Vel fugit voluptate qui consequatur. Beatae nesciunt qui culpa nulla aperiam corrupti reprehenderit. Maxime sunt est incidunt sit dolor.\n\nSit sed vero dolorem fugiat fugiat fuga. Necessitatibus dolor perspiciatis consequatur qui temporibus qui enim tempore. Corporis eum est dolor ad suscipit molestiae. Aut temporibus veritatis nam quos laudantium consequatur velit tempora.\n\nIpsam aut maxime praesentium consequatur deserunt at dolorum ut. Molestiae adipisci accusantium non eum natus vel eos quo.\n\nEst ratione asperiores est ullam quo unde natus. Aut sint et debitis omnis quae dolorum recusandae minus. Voluptatem quam fuga neque earum eaque qui exercitationem magni. Magnam dolores rem odio et et rerum atque.',0,'2024-01-20 01:59:55','2024-01-20 01:59:55');
/*!40000 ALTER TABLE `posts` ENABLE KEYS */;
UNLOCK TABLES;

--
-- Table structure for table `users`
--

DROP TABLE IF EXISTS `users`;
/*!40101 SET @saved_cs_client     = @@character_set_client */;
/*!40101 SET character_set_client = utf8 */;
CREATE TABLE `users` (
  `id` bigint(20) unsigned NOT NULL AUTO_INCREMENT,
  `name` varchar(255) NOT NULL,
  `email` varchar(255) NOT NULL,
  `email_verified_at` timestamp NULL DEFAULT NULL,
  `password` varchar(255) NOT NULL,
  `remember_token` varchar(100) DEFAULT NULL,
  `created_at` timestamp NULL DEFAULT NULL,
  `updated_at` timestamp NULL DEFAULT NULL,
  PRIMARY KEY (`id`),
  UNIQUE KEY `users_email_unique` (`email`)
) ENGINE=InnoDB AUTO_INCREMENT=22 DEFAULT CHARSET=utf8mb4 COLLATE=utf8mb4_unicode_ci;
/*!40101 SET character_set_client = @saved_cs_client */;

--
-- Dumping data for table `users`
--

LOCK TABLES `users` WRITE;
/*!40000 ALTER TABLE `users` DISABLE KEYS */;
INSERT INTO `users` VALUES (1,'Tim Timmers','tim@example.com','2024-02-13 11:23:23','$2y$12$6rEeuCCJooay/ixrRv6/Qe10DZOPYi/z7TKOMgPthykSvYW9uHXKS','an2dfHfOt7bZCUs0Qlp6FQEj0iyy264bHLv2OtjUUck62BaC7onJkgRBv2Ia','2024-02-13 11:23:24','2024-02-13 11:23:24'),(2,'Letitia Ward','letitia.ward@example.org','2024-02-13 11:23:24','$2y$12$6rIq8W7Xya6DtJ/X.6I/N.jChLBspLvEwqSVn1.bolbgmfYNG3piq','J2TTOyPcjL','2024-02-13 11:23:24','2024-02-13 11:23:24'),(3,'Vidal Kemmer','vidal.kemmer@example.org','2024-02-13 11:23:24','$2y$12$6rIq8W7Xya6DtJ/X.6I/N.jChLBspLvEwqSVn1.bolbgmfYNG3piq','CfRQQtRYQf','2024-02-13 11:23:24','2024-02-13 11:23:24'),(4,'Aylin Boyle','aylin.boyle@example.org','2024-02-13 11:23:24','$2y$12$6rIq8W7Xya6DtJ/X.6I/N.jChLBspLvEwqSVn1.bolbgmfYNG3piq','NCxfbOOI49','2024-02-13 11:23:24','2024-02-13 11:23:24'),(5,'Dolores Hyatt','dolores.hyatt@example.org','2024-02-13 11:23:24','$2y$12$6rIq8W7Xya6DtJ/X.6I/N.jChLBspLvEwqSVn1.bolbgmfYNG3piq','qD4ds59eME','2024-02-13 11:23:24','2024-02-13 11:23:24'),(6,'Vincenza Rice','vincenza.rice@example.net','2024-02-13 11:23:24','$2y$12$6rIq8W7Xya6DtJ/X.6I/N.jChLBspLvEwqSVn1.bolbgmfYNG3piq','UeC2yd6lAY','2024-02-13 11:23:24','2024-02-13 11:23:24'),(7,'Niko Kunze','niko.kunze@example.com','2024-02-13 11:23:24','$2y$12$6rIq8W7Xya6DtJ/X.6I/N.jChLBspLvEwqSVn1.bolbgmfYNG3piq','vLA0d1FCHO','2024-02-13 11:23:24','2024-02-13 11:23:24'),(8,'Abel Sanford','abel.sanford@example.net','2024-02-13 11:23:24','$2y$12$6rIq8W7Xya6DtJ/X.6I/N.jChLBspLvEwqSVn1.bolbgmfYNG3piq','lLeVlLFEL9','2024-02-13 11:23:24','2024-02-13 11:23:24'),(9,'Greg Braun','greg.braun@example.net','2024-02-13 11:23:24','$2y$12$6rIq8W7Xya6DtJ/X.6I/N.jChLBspLvEwqSVn1.bolbgmfYNG3piq','FSKK561rg8','2024-02-13 11:23:24','2024-02-13 11:23:24'),(10,'Myriam Waters','myriam.waters@example.org','2024-02-13 11:23:24','$2y$12$6rIq8W7Xya6DtJ/X.6I/N.jChLBspLvEwqSVn1.bolbgmfYNG3piq','RIMJwO4ppm','2024-02-13 11:23:24','2024-02-13 11:23:24'),(11,'Hannah Grady','hannah.grady@example.com','2024-02-13 11:23:24','$2y$12$6rIq8W7Xya6DtJ/X.6I/N.jChLBspLvEwqSVn1.bolbgmfYNG3piq','khnZNLlSDh','2024-02-13 11:23:24','2024-02-13 11:23:24'),(12,'Lafayette Johnson','lafayette.johnson@example.net','2024-02-13 11:23:24','$2y$12$6rIq8W7Xya6DtJ/X.6I/N.jChLBspLvEwqSVn1.bolbgmfYNG3piq','EyawhmvqD9','2024-02-13 11:23:24','2024-02-13 11:23:24'),(13,'Dena Wyman','dena.wyman@example.net','2024-02-13 11:23:24','$2y$12$6rIq8W7Xya6DtJ/X.6I/N.jChLBspLvEwqSVn1.bolbgmfYNG3piq','yF0xucdj2B','2024-02-13 11:23:24','2024-02-13 11:23:24'),(14,'Lysanne Schulist','lysanne.schulist@example.org','2024-02-13 11:23:24','$2y$12$6rIq8W7Xya6DtJ/X.6I/N.jChLBspLvEwqSVn1.bolbgmfYNG3piq','Tu4ZXKUUhm','2024-02-13 11:23:24','2024-02-13 11:23:24'),(15,'Katrine Torp','katrine.torp@example.org','2024-02-13 11:23:24','$2y$12$6rIq8W7Xya6DtJ/X.6I/N.jChLBspLvEwqSVn1.bolbgmfYNG3piq','a8cTfKMY0P','2024-02-13 11:23:24','2024-02-13 11:23:24'),(16,'Edgardo Larkin','edgardo.larkin@example.net','2024-02-13 11:23:24','$2y$12$6rIq8W7Xya6DtJ/X.6I/N.jChLBspLvEwqSVn1.bolbgmfYNG3piq','5M7uUEmS7B','2024-02-13 11:23:24','2024-02-13 11:23:24'),(17,'Grant Pollich','grant.pollich@example.net','2024-02-13 11:23:24','$2y$12$6rIq8W7Xya6DtJ/X.6I/N.jChLBspLvEwqSVn1.bolbgmfYNG3piq','ZwwJhm0uhc','2024-02-13 11:23:24','2024-02-13 11:23:24'),(18,'Alexis Cremin','alexis.cremin@example.net','2024-02-13 11:23:24','$2y$12$6rIq8W7Xya6DtJ/X.6I/N.jChLBspLvEwqSVn1.bolbgmfYNG3piq','SYT5sO7oSX','2024-02-13 11:23:24','2024-02-13 11:23:24'),(19,'Alfreda Streich','alfreda.streich@example.org','2024-02-13 11:23:24','$2y$12$6rIq8W7Xya6DtJ/X.6I/N.jChLBspLvEwqSVn1.bolbgmfYNG3piq','HjFHKBjISC','2024-02-13 11:23:24','2024-02-13 11:23:24'),(20,'Elwyn Bahringer','elwyn.bahringer@example.org','2024-02-13 11:23:24','$2y$12$6rIq8W7Xya6DtJ/X.6I/N.jChLBspLvEwqSVn1.bolbgmfYNG3piq','Wi1L5QDLnV','2024-02-13 11:23:24','2024-02-13 11:23:24'),(21,'Fern Cormier','fern.cormier@example.org','2024-02-13 11:23:24','$2y$12$6rIq8W7Xya6DtJ/X.6I/N.jChLBspLvEwqSVn1.bolbgmfYNG3piq','YjCZVN7A9d','2024-02-13 11:23:24','2024-02-13 11:23:24');
/*!40000 ALTER TABLE `users` ENABLE KEYS */;
UNLOCK TABLES;
/*!40103 SET TIME_ZONE=@OLD_TIME_ZONE */;

/*!40101 SET SQL_MODE=@OLD_SQL_MODE */;
/*!40014 SET FOREIGN_KEY_CHECKS=@OLD_FOREIGN_KEY_CHECKS */;
/*!40014 SET UNIQUE_CHECKS=@OLD_UNIQUE_CHECKS */;
/*!40101 SET CHARACTER_SET_CLIENT=@OLD_CHARACTER_SET_CLIENT */;
/*!40101 SET CHARACTER_SET_RESULTS=@OLD_CHARACTER_SET_RESULTS */;
/*!40101 SET COLLATION_CONNECTION=@OLD_COLLATION_CONNECTION */;
/*!40111 SET SQL_NOTES=@OLD_SQL_NOTES */;

-- Dump completed on 2024-02-13 16:20:36
